true_values,predicted_values,abs_error
1.753,1.6697288,0.083271265
2.373,2.2972627,0.07573724
2.75,3.1407146,0.39071465
2.2920000000000003,3.1360946,0.8440945
2.021,1.8854966,0.13550329
2.089,2.0376577,0.05134225
1.984,2.3949523,0.41095233
1.92,2.029384,0.10938394
2.023,1.9626648,0.06033516
2.408,2.3036394,0.10436058
2.589,2.9465237,0.35752368
2.445,2.8617988,0.41679883
2.449,2.3856158,0.063384056
2.268,2.6104753,0.3424754
2.278,2.274695,0.0033051968
2.32,2.4562008,0.1362009
2.262,2.4274817,0.16548157
2.279,2.35702,0.07801986
2.312,2.448284,0.13628387
2.339,2.4859738,0.14697385
2.4459999999999997,2.4884188,0.04241872
2.526,2.678739,0.15273905
2.738,2.7303953,0.007604599
2.7260000000000004,3.0819173,0.35591722
1.898,2.827318,0.92931795
1.389,1.3606845,0.028315544
1.287,1.2190974,0.067902565
1.227,1.535722,0.30872202
0.914,1.2744405,0.36044055
0.768,0.80543184,0.037431836
0.8370000000000001,0.8398198,0.0028197765
0.9159999999999999,1.0605032,0.14450324
0.835,1.08827,0.25326997
0.769,0.8650228,0.096022785
0.64,0.8627565,0.2227565
0.627,0.6682283,0.041228354
0.614,0.7584854,0.14448535
0.518,0.72079945,0.20279944
0.586,0.5614613,0.024538696
0.7979999999999999,0.7739473,0.02405268
0.846,1.127416,0.281416
0.726,0.9315361,0.20553607
0.68,0.74432963,0.064329624
0.7509999999999999,0.7862132,0.035213232
0.915,0.9424218,0.027421772
1.1909999999999998,1.1783613,0.012638688
1.519,1.5533229,0.034322858
1.8130000000000002,1.891843,0.078843
2.356,2.1392703,0.21672964
3.3339999999999996,2.9850733,0.34892678
4.021,4.545123,0.5241232
3.938,4.63063,0.69263005
3.985,3.7477193,0.2372806
4.452,4.305578,0.14642191
4.796,5.1935525,0.3975525
5.575,5.237709,0.33729076
5.582999999999999,6.451262,0.8682618
5.729,5.584558,0.14444208
5.867999999999999,6.089559,0.22155905
5.982,6.2887874,0.3067875
5.997999999999999,6.225281,0.22728062
5.732,6.2051835,0.47318363
5.767,5.626105,0.14089537
5.9,6.1257744,0.22577429
5.87,6.3523827,0.48238277
6.6320000000000014,5.925959,0.70604086
6.984,7.749914,0.76591396
6.175,7.3546257,1.1796255
6.138999999999999,5.1661215,0.97287846
5.957000000000001,6.8015985,0.84459877
5.675,6.043642,0.36864185
4.945,5.475198,0.5301976
4.2700000000000005,4.6156135,0.34561348
3.716,3.939919,0.22391891
3.306,3.4570346,0.1510346
3.0810000000000004,3.2231295,0.14212942
2.066,3.202819,1.1368191
1.499,1.5229183,0.02391839
1.2409999999999999,1.2594309,0.018430829
0.939,1.371432,0.43243194
0.8959999999999999,0.86463237,0.03136766
0.94,1.0601125,0.12011248
1.112,1.1288017,0.016801715
1.186,1.4199257,0.2339257
1.286,1.3369738,0.050973773
1.274,1.522722,0.24872196
1.1740000000000002,1.3719476,0.19794762
1.053,1.2358168,0.18281686
0.8109999999999999,1.1599202,0.34892023
0.767,0.79542,0.028419971
0.9179999999999999,0.9382424,0.020242393
1.041,1.2414471,0.20044708
0.98,1.2676193,0.28761923
0.769,1.0611571,0.2921571
0.675,0.7836534,0.10865337
0.687,0.79620343,0.10920346
0.843,0.87820804,0.035208046
0.971,1.1660198,0.19501978
1.206,1.2120491,0.006049156
1.4980000000000002,1.602808,0.10480797
1.464,1.9076507,0.44365072
1.436,1.4841127,0.04811275
1.544,1.626038,0.082037926
1.8619999999999999,1.8534915,0.008508444
2.193,2.3223217,0.12932158
2.551,2.6047091,0.05370903
2.761,3.0108142,0.24981427
2.891,3.0937734,0.20277333
3.19,3.154355,0.035645008
3.01,3.6876616,0.67766166
3.068,3.0201821,0.047817945
5.212000000000001,3.3557496,1.8562503
9.24,7.1769114,2.0630884
10.366,12.240403,1.874403
5.808,9.737268,3.9292684
2.5660000000000003,3.8295126,1.2635126
1.044,1.9740493,0.9300493
0.34299999999999997,0.6890693,0.34606928
0.253,0.08724451,0.16575548
0.7030000000000001,0.40463012,0.29836988
1.193,1.4186631,0.22566319
0.9159999999999999,1.659225,0.743225
2.465,0.76901495,1.695985
3.471,4.101628,0.6306279
2.0709999999999997,4.970621,2.899621
1.228,1.3670547,0.13905466
1.666,0.92735714,0.7386429
2.858,2.7479048,0.11009526
2.286,4.118506,1.832506
1.656,2.033867,0.37786686
1.5219999999999998,1.2266299,0.2953701
1.763,1.8942517,0.1312517
2.079,2.2463417,0.16734171
2.316,2.5003448,0.18434477
2.24,2.6747475,0.43474746
2.449,2.3244295,0.12457037
3.299,2.8537045,0.44529557
4.5200000000000005,4.5343003,0.014300346
5.234,5.8939657,0.6599655
5.434,5.727747,0.29374695
5.7170000000000005,5.6838965,0.033103466
6.167000000000001,6.3741984,0.20719862
6.695,6.92959,0.23459005
6.912999999999999,7.4685993,0.5555992
6.5889999999999995,7.181438,0.59243774
6.151,6.2520566,0.101056576
5.962000000000001,6.1227617,0.16076183
5.968,6.230615,0.2626152
6.0840000000000005,6.4544864,0.37048626
6.311,6.3261886,0.015188694
6.6400000000000015,6.871936,0.23193598
7.067,7.302829,0.23582888
7.415,7.76074,0.34573984
7.694,7.9699764,0.27597666
7.72,8.1930485,0.4730487
7.894,7.860962,0.03303814
7.9879999999999995,8.512337,0.5243368
7.742999999999999,8.301359,0.55835915
7.444,7.4931602,0.04916048
7.426,7.5150576,0.089057446
7.364,7.9689293,0.60492945
7.415,7.3360567,0.07894325
7.65,7.804234,0.15423393
7.815,8.329843,0.5148425
8.19,8.0480385,0.1419611
8.381,8.992979,0.6119795
8.451,8.713527,0.2625265
8.599,8.6178665,0.018866539
8.746,9.1723175,0.42631721
8.798,9.105365,0.30736446
8.501,9.016428,0.5154276
8.202,8.377401,0.17540169
7.947,8.412476,0.46547556
7.445,7.8715115,0.4265113
7.112,7.1382318,0.026231766
7.0840000000000005,7.1825647,0.098564625
7.127000000000001,7.502735,0.37573528
6.995,7.3911667,0.3961668
6.282,7.006496,0.7244959
5.992000000000001,5.779767,0.21223307
6.062,6.221695,0.15969515
6.122999999999999,6.57331,0.45030975
6.205,6.3438454,0.13884544
6.039,6.538084,0.499084
5.962000000000001,5.9413466,0.020653248
6.567,6.198744,0.3682561
7.308,7.7995863,0.4915862
8.38,8.300821,0.07917881
9.009,9.713339,0.704339
9.536,9.538296,0.002295494
9.216,10.11649,0.90049076
5.432,9.042016,3.6100159
1.857,3.9697938,2.112794
0.28800000000000003,1.4708432,1.1828432
2.1710000000000003,0.0,2.171
6.3100000000000005,4.1374073,2.1725926
8.627,10.764294,2.1372938
9.68,8.265656,1.4143438
10.885,11.13994,0.25494003
5.92,11.970531,6.0505314
3.014,4.267324,1.253324
3.262,2.3492537,0.9127464
3.4160000000000004,4.3434734,0.92747355
2.975,3.581027,0.6060271
2.202,2.9174166,0.71541667
2.22,2.1027234,0.11727667
3.108,2.583201,0.5247991
4.0840000000000005,4.254125,0.17012501
5.9030000000000005,5.191717,0.71128273
7.5329999999999995,8.155538,0.6225376
7.57,9.046024,1.4760242
7.252999999999999,6.9792657,0.2737341
6.148,7.3283763,1.1803765
4.378,5.380814,1.0028143
4.36,3.5013275,0.8586726
5.314,5.1392746,0.17472553
4.65,6.8987155,2.2487154
3.625,4.0854225,0.46042252
2.6660000000000004,3.1339602,0.46796036
1.93,2.5853515,0.6553515
1.598,1.6028267,0.004826665
1.629,1.6893075,0.060307503
1.544,1.9826436,0.43864357
1.519,1.6331438,0.11414373
1.344,1.706045,0.36204505
0.789,1.3967158,0.6077158
0.493,0.6964591,0.20345911
0.38,0.4874277,0.107427716
0.472,0.53638524,0.064385235
0.35600000000000004,0.62849504,0.27249503
0.16,0.38594484,0.22594485
0.07100000000000001,0.0,0.071
0.036000000000000004,0.0,0.036
0.003,0.0,0.003
0.0,0.0,0.0
0.002,0.0,0.002
0.009000000000000001,0.0,0.009
0.0,0.0,0.0
0.0,0.0,0.0
0.0,0.0,0.0
0.0,0.0,0.0
0.0,0.0,0.0
0.0,0.0,0.0
0.0,0.0,0.0
0.0,0.0,0.0
0.0,0.0,0.0
0.0,0.0,0.0
0.0,0.0,0.0
0.0,0.0,0.0
0.009000000000000001,0.0,0.009
0.027000000000000003,0.0,0.027
0.040999999999999995,0.0,0.041
0.122,0.0,0.122
0.6609999999999999,0.5477164,0.113283634
0.9279999999999999,1.1416132,0.21361327
1.27,0.9242407,0.34575927
1.232,1.8085655,0.5765655
0.675,1.1822761,0.5072761
0.206,0.47102022,0.26502022
0.06,0.0,0.06
0.048,0.0,0.048
0.042,0.0,0.042
0.054000000000000006,0.0,0.054
0.09300000000000001,0.0,0.093
0.391,0.0,0.391
0.517,0.8144284,0.29742837
0.451,0.5931776,0.14217761
0.366,0.5099082,0.1439082
0.307,0.41697192,0.10997191
0.17,0.38997912,0.21997912
0.07400000000000001,0.0,0.074
0.187,0.0,0.187
0.7040000000000001,1.7322317,1.0282317
0.621,1.157035,0.536035
0.5710000000000001,0.39321154,0.17778844
0.6859999999999999,0.7124063,0.026406288
0.08,0.921289,0.84128904
0.0,0.0,0.0
0.0,0.0,0.0
0.0,0.0,0.0
0.0,0.0,0.0
0.0,0.0,0.0
0.0,0.0,0.0
0.0,0.0,0.0
0.0,0.0,0.0
0.0,0.0,0.0
0.0,0.0,0.0
0.0,0.0,0.0
0.0,0.0,0.0
0.001,0.0,0.001
0.018000000000000002,0.0,0.018
0.027000000000000003,0.0,0.027
0.042,0.0,0.042
0.08600000000000001,0.0,0.086
0.42700000000000005,0.0,0.427
0.34800000000000003,0.86059296,0.512593
0.08900000000000001,0.20499909,0.11599909
0.07100000000000001,0.0,0.071
0.064,0.0,0.064
0.066,0.0,0.066
0.314,0.0,0.314
0.652,1.2288328,0.57683283
0.508,0.79898113,0.2909811
0.125,0.43761176,0.31261176
0.077,0.0,0.077
0.07100000000000001,0.0,0.071
0.068,0.05309844,0.0149015635
0.069,0.0,0.069
0.045,0.0,0.045
0.013999999999999999,0.0,0.014
0.0,0.0,0.0
0.0,0.0,0.0
0.0,0.0,0.0
0.0,0.0,0.0
0.0,0.0,0.0
0.0,0.0,0.0
0.027000000000000003,0.0,0.027
0.048,0.0,0.048
0.07400000000000001,0.0,0.074
0.29600000000000004,0.0,0.296
0.59,0.80726194,0.21726197
0.7659999999999999,0.82590014,0.059900165
0.879,1.0508337,0.1718337
0.909,1.1173441,0.20834416
0.8160000000000001,1.0732952,0.25729525
0.5770000000000001,0.89891183,0.3219118
0.35100000000000003,0.5572422,0.2062422
0.17600000000000002,0.33849788,0.16249788
0.107,0.051348448,0.055651553
0.161,0.0,0.161
0.281,0.60784835,0.32684836
0.446,0.45823038,0.0122303665
0.551,0.67531466,0.124314666
0.66,0.7660365,0.106036484
0.993,0.8934303,0.09956968
1.196,1.4863958,0.29039586
1.083,1.4069892,0.32398927
0.836,1.0986967,0.26269668
0.682,0.84761137,0.16561139
0.71,0.76038563,0.050385654
0.7290000000000001,0.95260787,0.2236079
0.833,0.8801804,0.047180414
0.836,1.1008632,0.2648632
0.954,0.96638286,0.012382865
1.396,1.2441337,0.15186632
1.94,2.006907,0.06690693
2.3609999999999998,2.4756372,0.11463714
1.992,2.8491085,0.8571085
1.7380000000000002,1.8083456,0.07034552
1.443,1.6778319,0.23483193
0.993,1.422585,0.42958504
0.893,0.8786359,0.014364123
0.6980000000000001,1.059668,0.36166793
0.5770000000000001,0.6988916,0.12189156
0.494,0.6468492,0.15284923
0.408,0.5734499,0.16544992
0.29,0.46959913,0.17959914
0.207,0.31380892,0.106808916
0.248,0.19971704,0.04828295
0.45,0.40954316,0.04045683
0.65,0.74366987,0.09366989
0.6940000000000001,0.90686923,0.21286923
0.63,0.82352823,0.19352823
0.635,0.7074852,0.07248521
0.604,0.77925354,0.17525357
0.41700000000000004,0.70565945,0.28865945
0.081,0.38665527,0.30565527
0.053,0.0,0.053
0.033,0.0,0.033
0.023,0.0,0.023
0.025,0.0,0.025
0.025,0.0,0.025
0.018000000000000002,0.0,0.018
0.0,0.0,0.0
0.0,0.0,0.0
0.0,0.0,0.0
0.0,0.0,0.0
0.0,0.0,0.0
0.0,0.0,0.0
0.0,0.0,0.0
0.0,0.0,0.0
0.0,0.0,0.0
0.0,0.0,0.0
0.0,0.0,0.0
0.0,0.0,0.0
0.0,0.0,0.0
0.0,0.0,0.0
0.018000000000000002,0.0,0.018
0.044000000000000004,0.0,0.044
0.078,0.0,0.078
0.233,0.0,0.233
0.273,0.6906206,0.4176206
0.401,0.23954844,0.16145155
0.544,0.6263388,0.08233875
0.7559999999999999,0.785804,0.029803991
0.8909999999999999,1.0865217,0.19552177
1.182,1.115771,0.066228986
1.3530000000000002,1.6297525,0.27675247
1.5019999999999998,1.5744448,0.0724448
1.393,1.7830291,0.39002907
1.3330000000000002,1.4019297,0.06892979
1.328,1.5197845,0.1917845
1.2309999999999999,1.5159198,0.28491986
1.3459999999999999,1.3144813,0.031518698
1.513,1.6955593,0.18255925
1.561,1.796413,0.23541296
1.5490000000000002,1.7298417,0.18084168
1.709,1.711937,0.0029369593
2.048,2.0569065,0.008906364
2.338,2.4877114,0.14971137
2.8110000000000004,2.7147326,0.09626746
3.3360000000000003,3.3814082,0.04540825
3.79,4.069859,0.27985907
4.2139999999999995,4.314097,0.1000967
3.798,4.781976,0.9839761
3.383,3.5319295,0.1489296
2.852,3.2982116,0.44621158
2.484,2.6646032,0.18060327
1.9869999999999999,2.4900203,0.5030203
1.723,1.7985893,0.0755893
1.29,1.7748362,0.48483622
1.11,1.1752589,0.06525886
1.187,1.2730755,0.086075425
1.3019999999999998,1.4961076,0.19410753
1.626,1.5376041,0.08839595
1.808,2.1067371,0.29873717
1.818,2.0571036,0.23910367
1.765,1.9334424,0.16844237
1.7719999999999998,1.8892955,0.1172955
1.734,1.9757006,0.24170065
1.658,1.8664647,0.20846474
1.509,1.7639003,0.25490034
1.307,1.5640377,0.25703764
1.325,1.3436847,0.018684626
1.533,1.5996839,0.06668389
1.771,1.9024613,0.13146126
1.808,2.222455,0.41445506
1.7209999999999999,1.968128,0.24712801
1.546,1.8047163,0.25871634
1.389,1.6115189,0.2225188
1.325,1.4927473,0.16774726
1.093,1.5108634,0.41786337
0.858,1.110425,0.25242501
0.741,0.9332503,0.19225031
0.687,0.88175154,0.19475156
0.725,0.84595484,0.12095481
0.6910000000000001,0.95756257,0.26656258
0.5650000000000001,0.82892764,0.26392764
0.384,0.6749116,0.2909116
0.085,0.3907978,0.3057978
0.032,0.0,0.032
0.0,0.0,0.0
0.065,0.0,0.065
5.847,0.0,5.847
16.0,9.790488,6.2095118
7.787000000000001,15.413703,7.626703
0.065,6.755727,6.6907268
0.0,0.0,0.0
0.0,0.0,0.0
0.0,0.0,0.0
0.2,0.0,0.2
1.785,1.4645537,0.32044625
2.6039999999999996,3.3236756,0.71967554
2.9589999999999996,3.270253,0.31125283
2.208,3.118169,0.9101691
1.905,2.1659904,0.26099038
2.048,2.012074,0.035926104
2.093,2.4645348,0.37153482
2.218,2.362352,0.14435196
2.513,2.4872427,0.025757313
3.247,2.9213443,0.3256557
4.128,4.1237717,0.004228115
3.66,5.0344915,1.3744915
1.939,3.2609482,1.3219482
1.1740000000000002,1.6043129,0.43031287
0.08,0.9879136,0.9079136
0.034,0.0,0.034
0.055999999999999994,0.0,0.056
0.08600000000000001,0.0,0.086
0.05,0.0,0.05
0.024,0.0,0.024
0.022000000000000002,0.0,0.022
0.016,0.0,0.016
0.0,0.0,0.0
0.0,0.0,0.0
0.0,0.0,0.0
0.0,0.0,0.0
0.0,0.0,0.0
0.0,0.0,0.0
0.0,0.0,0.0
0.0,0.0,0.0
0.0,0.0,0.0
0.0,0.0,0.0
0.0,0.0,0.0
0.0,0.0,0.0
0.0,0.0,0.0
0.0,0.0,0.0
0.0,0.0,0.0
0.0,0.0,0.0
0.0,0.0,0.0
0.0,0.0,0.0
0.0,0.0,0.0
0.0,0.0,0.0
0.0,0.0,0.0
0.0,0.0,0.0
0.0,0.0,0.0
0.0,0.0,0.0
0.0,0.0,0.0
0.0,0.0,0.0
0.0,0.0,0.0
0.0,0.0,0.0
0.0,0.0,0.0
0.015,0.0,0.015
0.016,0.0,0.016
0.037000000000000005,0.0,0.037
0.063,0.0,0.063
0.045,0.0,0.045
0.031,0.0,0.031
0.035,0.0,0.035
0.051,0.0,0.051
0.075,0.0,0.075
0.135,0.0,0.135
0.187,0.0,0.187
0.204,0.020902276,0.18309772
0.183,0.13708603,0.045913965
0.25,0.0,0.25
0.5700000000000001,0.4787206,0.09127939
1.229,1.001529,0.227471
1.384,1.8504176,0.46641767
1.354,1.4792731,0.12527311
1.8659999999999999,1.4353435,0.43065655
2.145,2.5237699,0.37876987
2.5269999999999997,2.3533216,0.1736784
2.396,2.8839326,0.48793268
2.129,2.3954647,0.2664647
1.63,2.0572927,0.4272927
0.8440000000000001,1.3758137,0.53181374
0.389,0.5630144,0.17401439
0.068,0.18309331,0.115093306
0.044000000000000004,0.0,0.044
0.059,0.0,0.059
0.33399999999999996,0.0,0.334
1.107,1.0419406,0.06505942
2.3369999999999997,1.7606342,0.5763657
3.585,3.0821176,0.5028825
5.0200000000000005,4.902085,0.11791515
6.433,6.272228,0.16077232
6.939,7.5066943,0.5676942
7.7829999999999995,7.088353,0.69464684
8.758000000000001,8.921677,0.16367626
8.24,9.904821,1.6648216
8.322000000000001,6.877923,1.4440765
7.0150000000000015,9.312684,2.2976842
5.377999999999999,5.7828145,0.40481472
5.504,4.4586277,1.0453725
5.327000000000001,6.1646347,0.83763456
4.654,5.444048,0.7900481
4.263,4.1735244,0.08947563
4.103,4.160484,0.057483673
4.178999999999999,4.2121897,0.033189774
3.923,4.4491267,0.5261266
3.2510000000000003,3.8055196,0.55451965
2.552,2.8720222,0.3200221
2.149,2.3176796,0.16867971
1.89,2.0330706,0.14307058
1.6569999999999998,1.8695683,0.2125684
1.555,1.6398389,0.08483899
1.4880000000000002,1.6425672,0.15456712
1.3259999999999998,1.6039202,0.27792025
1.149,1.3025696,0.15356958
1.225,1.1566622,0.0683378
1.273,1.4907693,0.21776927
1.217,1.3923188,0.17531884
1.269,1.2687135,0.00028657913
1.396,1.4782193,0.08221924
1.34,1.6226692,0.2826692
1.11,1.3586808,0.24868083
0.892,1.0373939,0.14539391
0.765,0.84809536,0.08309537
0.747,0.76204026,0.015040278
0.777,0.84475225,0.06775224
0.812,0.8966906,0.08469063
0.7859999999999999,0.93584216,0.14984214
0.762,0.841301,0.079301
0.8160000000000001,0.83809984,0.022099853
0.8079999999999999,0.9786519,0.17065185
0.7509999999999999,0.8728672,0.12186724
0.7509999999999999,0.7882087,0.037208736
0.7809999999999999,0.85532415,0.07432413
0.718,0.90170777,0.18370777
0.609,0.7282499,0.11924988
0.657,0.59239215,0.06460786
0.662,0.7908813,0.12888128
0.522,0.71120477,0.18920475
0.4,0.45143574,0.05143574
0.34600000000000003,0.3548001,0.008800119
0.28700000000000003,0.35161543,0.06461543
0.413,0.2667805,0.14621949
0.659,0.5556166,0.10338336
0.836,0.9319583,0.09595829
1.172,1.0446973,0.12730277
1.473,1.6369061,0.1639061
1.706,1.743373,0.037373066
1.736,1.9668765,0.23087656
1.6680000000000001,1.8628511,0.19485116
1.567,1.7364255,0.16942549
1.421,1.640107,0.21910703
1.193,1.4541391,0.26113915
0.8,1.1629527,0.36295265
0.5429999999999999,0.6355298,0.09252983
0.306,0.46391404,0.15791404
0.084,0.18007314,0.09607314
0.067,0.0,0.067
0.049,0.0,0.049
0.035,0.0,0.035
0.038,0.0,0.038
0.042,0.0,0.042
0.039,0.0,0.039
0.037000000000000005,0.0,0.037
0.04,0.0,0.04
0.036000000000000004,0.0,0.036
0.028999999999999998,0.0,0.029
0.017,0.0,0.017
0.016,0.0,0.016
0.022000000000000002,0.0,0.022
0.018000000000000002,0.0,0.018
0.013,0.0,0.013
0.0,0.0,0.0
0.0,0.0,0.0
0.0,0.0,0.0
0.0,0.0,0.0
0.0,0.0,0.0
0.0,0.0,0.0
0.0,0.0,0.0
0.0,0.0,0.0
0.0,0.0,0.0
0.0,0.0,0.0
0.0,0.0,0.0
0.0,0.0,0.0
0.0,0.0,0.0
0.0,0.0,0.0
0.0,0.0,0.0
0.0,0.0,0.0
0.0,0.0,0.0
0.0,0.0,0.0
0.0,0.0,0.0
0.0,0.0,0.0
0.0,0.0,0.0
0.0,0.0,0.0
0.0,0.0,0.0
0.0,0.0,0.0
0.0,0.0,0.0
0.0,0.0,0.0
0.0,0.0,0.0
0.0,0.0,0.0
0.0,0.0,0.0
0.0,0.0,0.0
0.0,0.0,0.0
0.0,0.0,0.0
0.0,0.0,0.0
0.0,0.0,0.0
0.0,0.0,0.0
0.0,0.0,0.0
0.0,0.0,0.0
0.0,0.0,0.0
0.0,0.0,0.0
0.0,0.0,0.0
0.0,0.0,0.0
0.0,0.0,0.0
0.0,0.0,0.0
0.0,0.0,0.0
0.0,0.0,0.0
0.0,0.0,0.0
0.0,0.0,0.0
0.0,0.0,0.0
0.0,0.0,0.0
0.0,0.0,0.0
0.0,0.0,0.0
0.0,0.0,0.0
0.0,0.0,0.0
0.0,0.0,0.0
0.0,0.0,0.0
0.0,0.0,0.0
0.0,0.0,0.0
0.0,0.0,0.0
0.0,0.0,0.0
0.0,0.0,0.0
0.0,0.0,0.0
0.0,0.0,0.0
0.0,0.0,0.0
0.0,0.0,0.0
0.0,0.0,0.0
0.0,0.0,0.0
0.0,0.0,0.0
0.0,0.0,0.0
0.0,0.0,0.0
0.0,0.0,0.0
0.0,0.0,0.0
0.0,0.0,0.0
0.002,0.0,0.002
0.002,0.0,0.002
0.004,0.0,0.004
0.0,0.0,0.0
0.0,0.0,0.0
0.0,0.0,0.0
0.0,0.0,0.0
0.006,0.0,0.006
0.01,0.0,0.01
0.005,0.0,0.005
0.0,0.0,0.0
0.0,0.0,0.0
0.0,0.0,0.0
0.008,0.0,0.008
0.018000000000000002,0.0,0.018
0.021,0.0,0.021
0.02,0.0,0.02
0.019,0.0,0.019
0.021,0.0,0.021
0.017,0.0,0.017
0.012,0.0,0.012
0.009000000000000001,0.0,0.009
0.01,0.0,0.01
0.018000000000000002,0.0,0.018
0.024,0.0,0.024
0.03,0.0,0.03
0.04,0.0,0.04
0.040999999999999995,0.0,0.041
0.025,0.0,0.025
0.01,0.0,0.01
0.003,0.0,0.003
0.011000000000000001,0.0,0.011
0.025,0.0,0.025
0.024,0.0,0.024
0.006,0.0,0.006
0.005,0.0,0.005
0.025,0.0,0.025
0.032,0.0,0.032
0.025,0.0,0.025
0.018000000000000002,0.0,0.018
0.017,0.0,0.017
0.02,0.0,0.02
0.012,0.0,0.012
0.002,0.0,0.002
0.006999999999999999,0.0,0.007
0.023,0.0,0.023
0.04,0.0,0.04
0.053,0.0,0.053
0.067,0.0,0.067
0.242,0.0,0.242
0.424,0.8790921,0.4550921
0.177,0.51580757,0.33880758
0.061,0.0,0.061
0.079,0.0,0.079
0.31,1.4551961,1.1451962
0.61,0.5506449,0.05935514
0.8200000000000001,0.8051201,0.014879882
0.993,1.1998807,0.20688075
1.18,1.2642773,0.08427739
1.311,1.5084357,0.19743574
1.2919999999999998,1.5644536,0.27245355
1.277,1.4323032,0.15530324
1.27,1.4584244,0.18842447
1.0759999999999998,1.4464053,0.37040532
1.079,1.090821,0.011821032
1.24,1.3389423,0.09894228
1.464,1.5613033,0.09730327
1.672,1.7938027,0.12180269
1.7619999999999998,1.9764385,0.21443856
1.785,1.9672891,0.18228912
1.648,1.957957,0.30995703
1.719,1.6948428,0.024157166
1.8119999999999998,2.0085704,0.1965704
1.746,2.1241019,0.37810183
1.604,1.824965,0.22096503
1.567,1.6781057,0.11110568
1.664,1.7738833,0.10988331
1.848,1.9448494,0.09684932
1.9709999999999999,2.1657307,0.19473076
2.14,2.2219286,0.08192849
2.126,2.4323804,0.3063805
2.074,2.2754676,0.20146775
2.5380000000000003,2.2022243,0.33577585
3.06,3.1545565,0.09455657
3.155,3.7142806,0.55928063
3.145,3.188745,0.04374504
2.931,3.3271363,0.39613628
2.705,2.8853302,0.18033028
2.943,2.7388785,0.20412159
3.276,3.390808,0.11480808
3.4819999999999998,3.741787,0.25978684
3.615,3.7492642,0.13426423
3.842,3.8801231,0.03812313
4.172,4.238864,0.06686401
4.437,4.6540837,0.21708393
4.438,4.812186,0.37418556
4.211,4.5466237,0.33562374
4.001,4.247626,0.2466259
4.003,4.0039506,0.0009508133
4.0569999999999995,4.2892027,0.23220253
4.086,4.320615,0.23461485
3.9739999999999998,4.3036613,0.32966137
3.986,4.033725,0.047724724
3.713,4.2386785,0.5256784
3.303,3.6168704,0.31387043
3.14,3.1631613,0.023161173
3.147,3.2637,0.116699934
2.82,3.3822966,0.5622966
2.5989999999999998,2.7158499,0.1168499
2.6260000000000003,2.6433384,0.017338514
2.727,2.8401825,0.113182545
2.86,2.9808245,0.120824575
2.7769999999999997,3.1116347,0.33463478
2.631,2.8315673,0.20056725
2.4419999999999997,2.6779432,0.23594332
2.49,2.4689925,0.021007538
2.407,2.7155643,0.3085642
1.973,2.4959984,0.52299833
1.621,1.8289652,0.20796514
1.419,1.521688,0.102687955
1.361,1.519551,0.1585511
1.2309999999999999,1.522391,0.29139102
1.131,1.296105,0.16510499
1.158,1.2504758,0.09247577
1.386,1.3845934,0.0014066696
1.723,1.7709215,0.04792142
1.926,2.126863,0.200863
2.03,2.1965287,0.1665287
1.892,2.2347658,0.3427658
1.54,1.922985,0.382985
1.335,1.4102625,0.07526243
1.295,1.4418985,0.14689851
1.21,1.4788839,0.26888382
1.153,1.2992947,0.14629471
1.19,1.2806138,0.09061372
1.171,1.4043674,0.23336744
1.073,1.2883995,0.2153995
0.848,1.1540351,0.3060351
0.8160000000000001,0.830474,0.014474034
0.731,0.98778796,0.25678796
0.614,0.77855074,0.16455072
0.433,0.64222366,0.20922366
0.29600000000000004,0.37181026,0.07581025
0.214,0.27359247,0.05959247
0.099,0.14933193,0.050331928
0.07200000000000001,0.0,0.072
0.051,0.0,0.051
0.017,0.0,0.017
0.002,0.0,0.002
0.013999999999999999,0.0,0.014
0.03,0.0,0.03
0.032,0.0,0.032
0.026,0.0,0.026
0.027000000000000003,0.0,0.027
0.038,0.0,0.038
0.040999999999999995,0.0,0.041
0.040999999999999995,0.0,0.041
0.04,0.0,0.04
0.031,0.0,0.031
0.022000000000000002,0.0,0.022
0.006999999999999999,0.0,0.007
0.002,0.0,0.002
0.0,0.0,0.0
0.0,0.0,0.0
0.013,0.0,0.013
0.001,0.0,0.001
0.0,0.0,0.0
0.025,0.0,0.025
0.05,0.0,0.05
0.077,0.0,0.077
0.083,0.0,0.083
0.081,0.0,0.081
0.15,0.0,0.15
0.337,0.4413615,0.104361475
0.428,0.5237664,0.095766395
0.38,0.56108624,0.18108624
0.44,0.45128822,0.011288226
0.248,0.6348979,0.3868979
0.057999999999999996,0.13678706,0.07878706
0.043,0.0,0.043
0.055,0.0,0.055
0.07100000000000001,0.0,0.071
0.057999999999999996,0.0,0.058
0.027000000000000003,0.0,0.027
0.0,0.0,0.0
0.0,0.0,0.0
0.0,0.0,0.0
0.0,0.0,0.0
0.0,0.0,0.0
0.0,0.0,0.0
0.0,0.0,0.0
0.0,0.0,0.0
0.0,0.0,0.0
0.0,0.0,0.0
0.0,0.0,0.0
0.0,0.0,0.0
0.0,0.0,0.0
0.0,0.0,0.0
0.0,0.0,0.0
0.0,0.0,0.0
0.0,0.0,0.0
0.0,0.0,0.0
0.0,0.0,0.0
0.0,0.0,0.0
0.0,0.0,0.0
0.0,0.0,0.0
0.0,0.0,0.0
0.0,0.0,0.0
0.0,0.0,0.0
0.0,0.0,0.0
0.0,0.0,0.0
0.0,0.0,0.0
0.0,0.0,0.0
0.0,0.0,0.0
0.0,0.0,0.0
0.0,0.0,0.0
0.021,0.0,0.021
0.054000000000000006,0.0,0.054
0.122,0.0,0.122
0.56,0.06984317,0.49015683
0.996,1.0685499,0.07254988
1.6740000000000002,1.3373953,0.3366047
2.397,2.4940171,0.09701705
3.0069999999999997,2.9577827,0.049217224
3.306,3.6286578,0.32265782
3.424,3.6157613,0.19176126
2.535,3.581859,1.046859
1.671,2.107021,0.4360211
1.005,1.188556,0.18355596
0.6900000000000001,0.845318,0.15531802
0.537,0.6474879,0.11048788
0.308,0.5375464,0.2295464
0.055,0.19660103,0.14160103
0.016,0.0,0.016
0.008,0.0,0.008
0.013,0.0,0.013
0.028999999999999998,0.0,0.029
0.035,0.0,0.035
0.036000000000000004,0.0,0.036
0.036000000000000004,0.0,0.036
0.023,0.0,0.023
0.025,0.0,0.025
0.031,0.0,0.031
0.034,0.0,0.034
0.027999999999999997,0.0,0.028
0.013,0.0,0.013
0.0,0.0,0.0
0.0,0.0,0.0
0.0,0.0,0.0
0.0,0.0,0.0
0.0,0.0,0.0
0.0,0.0,0.0
0.0,0.0,0.0
0.0,0.0,0.0
0.0,0.0,0.0
0.0,0.0,0.0
0.0,0.0,0.0
0.0,0.0,0.0
0.0,0.0,0.0
0.0,0.0,0.0
0.0,0.0,0.0
0.0,0.0,0.0
0.0,0.0,0.0
0.0,0.0,0.0
0.0,0.0,0.0
0.0,0.0,0.0
0.0,0.0,0.0
0.0,0.0,0.0
0.0,0.0,0.0
0.0,0.0,0.0
0.0,0.0,0.0
0.0,0.0,0.0
0.0,0.0,0.0
0.0,0.0,0.0
0.0,0.0,0.0
0.0,0.0,0.0
0.0,0.0,0.0
0.0,0.0,0.0
0.0,0.0,0.0
0.0,0.0,0.0
0.0,0.0,0.0
0.0,0.0,0.0
0.0,0.0,0.0
0.0,0.0,0.0
0.0,0.0,0.0
0.0,0.0,0.0
0.0,0.0,0.0
0.0,0.0,0.0
0.0,0.0,0.0
0.0,0.0,0.0
0.0,0.0,0.0
0.0,0.0,0.0
0.0,0.0,0.0
0.0,0.0,0.0
0.0,0.0,0.0
0.0,0.0,0.0
0.0,0.0,0.0
0.0,0.0,0.0
0.0,0.0,0.0
0.0,0.0,0.0
0.0,0.0,0.0
