0.13139297,0.078,0.05339297,,,,,,,,,for naïve score,,,,
0.04349671,0.07,0.02650329,,,,,,,,,0.078,0.04349671,0.03450329,,104.8373954
0.081528718,0.078,0.003528718,,0.202644315,,,,,,,0.07,0.081528718,0.011528718,,
0.076957537,0.198,0.121042463,,0.635863497,,,,,,,0.078,0.076957537,0.001042463,,
0.268005436,0.551,0.282994564,,,,,,,,,0.198,0.268005436,0.070005436,,
0.714811599,1.02,0.305188401,,,,,,,,,0.551,0.714811599,0.163811599,,
1.200290734,1.227,0.026709266,,,,,,,,,1.02,1.200290734,0.180290734,,
1.254892642,1.226,0.028892642,,,,,,,,,1.227,1.254892642,0.027892642,,
1.215529948,1.361,0.145470052,,177.7190646,,,,,,,1.226,1.215529948,0.010470052,,
1.434544189,1.753,0.318455811,,,,,,,,,1.361,1.434544189,0.073544189,,
1.930210032,2.373,0.442789968,,,,,,,,,1.753,1.930210032,0.177210032,,
2.644340542,2.75,0.105659458,,,,,,,,,2.373,2.644340542,0.271340542,,
2.833559807,2.292,0.541559807,,,,,,,,,2.75,2.833559807,0.083559807,,
1.993061933,2.021,0.027938067,,,naïve score:,,72.88166925,,,,2.292,1.993061933,0.298938067,,
2.024901599,2.089,0.064098401,,,,,,,,,2.021,2.024901599,0.003901599,,
2.095842277,1.984,0.111842277,,,naïve ratio: ,,0.589905172,,,,2.089,2.095842277,0.006842277,,
1.930752511,1.92,0.010752511,,,,,,,,,1.984,1.930752511,0.053247489,,
1.945580878,2.023,0.077419122,,,,,,,,,1.92,1.945580878,0.025580878,,
2.055368072,2.408,0.352631928,,,,,,,,,2.023,2.055368072,0.032368072,,
2.601295838,2.589,0.012295838,,,,,,,,,2.408,2.601295838,0.193295838,,
2.595771461,2.445,0.150771461,,,,,,,,,2.589,2.595771461,0.006771461,,
2.369202293,2.449,0.079797707,,,,,,,,,2.445,2.369202293,0.075797707,,
2.486506652,2.268,0.218506652,,,,,,,,,2.449,2.486506652,0.037506652,,
2.127017944,2.278,0.150982056,,,,,,,,,2.268,2.127017944,0.140982056,,
2.373297837,2.32,0.053297837,,,,,,,,,2.278,2.373297837,0.095297837,,
2.293751381,2.262,0.031751381,,,,,,,,,2.32,2.293751381,0.026248619,,
2.244015685,2.279,0.034984315,,,,,,,,,2.262,2.244015685,0.017984315,,
2.305145801,2.312,0.006854199,,,,,,,,,2.279,2.305145801,0.026145801,,
2.30771225,2.339,0.03128775,,,,,,,,,2.312,2.30771225,0.00428775,,
2.358480927,2.446,0.087519073,,,,,,,,,2.339,2.358480927,0.019480927,,
2.500447671,2.526,0.025552329,,,,,,,,,2.446,2.500447671,0.054447671,,
2.539939068,2.738,0.198060932,,,,,,,,,2.526,2.539939068,0.013939068,,
2.855269774,2.726,0.129269774,,,,,,,,,2.738,2.855269774,0.117269774,,
2.65495984,1.898,0.75695984,,,,,,,,,2.726,2.65495984,0.07104016,,
1.466798416,1.389,0.077798416,,,,,,,,,1.898,1.466798416,0.431201584,,
1.332744851,1.287,0.045744851,,,,,,,,,1.389,1.332744851,0.056255149,,
1.22639481,1.227,0.00060519,,,,,,,,,1.287,1.22639481,0.06060519,,
1.234711179,0.914,0.320711179,,,,,,,,,1.227,1.234711179,0.007711179,,
0.759653339,0.768,0.008346661,,,,,,,,,0.914,0.759653339,0.154346661,,
0.7580446,0.837,0.0789554,,,,,,,,,0.768,0.7580446,0.0099554,,
0.858800067,0.916,0.057199933,,,,,,,,,0.837,0.858800067,0.021800067,,
0.94951451,0.835,0.11451451,,,,,,,,,0.916,0.94951451,0.03351451,,
0.781849977,0.769,0.012849977,,,,,,,,,0.835,0.781849977,0.053150023,,
0.755842429,0.64,0.115842429,,,,,,,,,0.769,0.755842429,0.013157571,,
0.561732494,0.627,0.065267506,,,,,,,,,0.64,0.561732494,0.078267506,,
0.662256619,0.614,0.048256619,,,,,,,,,0.627,0.662256619,0.035256619,,
0.587746851,0.518,0.069746851,,,,,,,,,0.614,0.587746851,0.026253149,,
0.478930523,0.586,0.107069477,,,,,,,,,0.518,0.478930523,0.039069477,,
0.647422733,0.798,0.150577267,,,,,,,,,0.586,0.647422733,0.061422733,,
0.878162457,0.846,0.032162457,,,,,,,,,0.798,0.878162457,0.080162457,,
0.833270375,0.726,0.107270375,,,,,,,,,0.846,0.833270375,0.012729625,,
0.672071015,0.68,0.007928985,,,,,,,,,0.726,0.672071015,0.053928985,,
0.675146644,0.751,0.075853356,,,,,,,,,0.68,0.675146644,0.004853356,,
0.784999555,0.915,0.130000445,,,,,,,,,0.751,0.784999555,0.033999555,,
0.996192029,1.191,0.194807971,,,,,,,,,0.915,0.996192029,0.081192029,,
1.312145246,1.519,0.206854754,,,,,,,,,1.191,1.312145246,0.121145246,,
1.641465318,1.813,0.171534682,,,,,,,,,1.519,1.641465318,0.122465318,,
1.916502134,2.356,0.439497866,,,,,,,,,1.813,1.916502134,0.103502134,,
2.613702284,3.334,0.720297716,,,,,,,,,2.356,2.613702284,0.257702284,,
3.754079139,4.021,0.266920861,,,,,,,,,3.334,3.754079139,0.420079139,,
4.196694813,3.938,0.258694813,,,,,,,,,4.021,4.196694813,0.175694813,,
3.819736335,3.985,0.165263665,,,,,,,,,3.938,3.819736335,0.118263665,,
4.076251626,4.452,0.375748374,,,,,,,,,3.985,4.076251626,0.091251626,,
4.643246941,4.796,0.152753059,,,,,,,,,4.452,4.643246941,0.191246941,,
4.905112188,5.575,0.669887812,,,,,,,,,4.796,4.905112188,0.109112188,,
6.003722813,5.583,0.420722813,,,,,,,,,5.575,6.003722813,0.428722813,,
5.349319859,5.729,0.379680141,,,,,,,,,5.583,5.349319859,0.233680141,,
5.955868837,5.868,0.087868837,,,,,,,,,5.729,5.955868837,0.226868837,,
5.811591338,5.982,0.170408662,,,,,,,,,5.868,5.811591338,0.056408662,,
6.077934721,5.998,0.079934721,,,,,,,,,5.982,6.077934721,0.095934721,,
5.981563584,5.732,0.249563584,,,,,,,,,5.998,5.981563584,0.016436416,,
5.588027119,5.767,0.178972881,,,,,,,,,5.732,5.588027119,0.143972881,,
5.867950475,5.9,0.032049525,,,,,,,,,5.767,5.867950475,0.100950475,,
5.91332909,5.87,0.04332909,,,,,,,,,5.9,5.91332909,0.01332909,,
5.858120168,6.632,0.773879832,,,,,,,,,5.87,5.858120168,0.011879832,,
7.089389565,6.984,0.105389565,,,,,,,,,6.632,7.089389565,0.457389565,,
6.921224184,6.175,0.746224184,,,,,,,,,6.984,6.921224184,0.062775816,,
5.775481492,6.139,0.363518508,,,,,,,,,6.175,5.775481492,0.399518508,,
6.342648635,5.957,0.385648635,,,,,,,,,6.139,6.342648635,0.203648635,,
5.682562527,5.675,0.007562527,,,,,,,,,5.957,5.682562527,0.274437473,,
5.701580719,4.945,0.756580719,,,,,,,,,5.675,5.701580719,0.026580719,,
4.538559658,4.27,0.268559658,,,,,,,,,4.945,4.538559658,0.406440342,,
4.079336243,3.716,0.363336243,,,,,,,,,4.27,4.079336243,0.190663757,,
3.486575556,3.306,0.180575556,,,,,,,,,3.716,3.486575556,0.229424444,,
3.190883729,3.081,0.109883729,,,,,,,,,3.306,3.190883729,0.115116271,,
3.019411987,2.066,0.953411987,,,,,,,,,3.081,3.019411987,0.061588013,,
1.507299211,1.499,0.008299211,,,,,,,,,2.066,1.507299211,0.558700789,,
1.474780661,1.241,0.233780661,,,,,,,,,1.499,1.474780661,0.024219339,,
1.062739044,0.939,0.123739044,,,,,,,,,1.241,1.062739044,0.178260956,,
0.857036149,0.896,0.038963851,,,,,,,,,0.939,0.857036149,0.081963851,,
0.934890881,0.94,0.005109119,,,,,,,,,0.896,0.934890881,0.038890881,,
0.91830413,1.112,0.19369587,,,,,,,,,0.94,0.91830413,0.02169587,,
1.215974059,1.186,0.029974059,,,,,,,,,1.112,1.215974059,0.103974059,,
1.172362466,1.286,0.113637534,,,,,,,,,1.186,1.172362466,0.013637534,,
1.348252368,1.274,0.074252368,,,,,,,,,1.286,1.348252368,0.062252368,,
1.229133713,1.174,0.055133713,,,,,,,,,1.274,1.229133713,0.044866287,,
1.140929648,1.053,0.087929648,,,,,,,,,1.174,1.140929648,0.033070352,,
1.00236823,0.811,0.19136823,,,,,,,,,1.053,1.00236823,0.05063177,,
0.69591935,0.767,0.07108065,,,,,,,,,0.811,0.69591935,0.11508065,,
0.805794059,0.918,0.112205941,,,,,,,,,0.767,0.805794059,0.038794059,,
0.977920622,1.041,0.063079378,,,,,,,,,0.918,0.977920622,0.059920622,,
1.081784827,0.98,0.101784827,,,,,,,,,1.041,1.081784827,0.040784827,,
0.93094222,0.769,0.16194222,,,,,,,,,0.98,0.93094222,0.04905778,,
0.669397891,0.675,0.005602109,,,,,,,,,0.769,0.669397891,0.099602109,,
0.665509439,0.687,0.021490561,,,,,,,,,0.675,0.665509439,0.009490561,,
0.693581626,0.843,0.149418374,,,,,,,,,0.687,0.693581626,0.006581626,,
0.934982123,0.971,0.036017877,,,,,,,,,0.843,0.934982123,0.091982123,,
0.998898997,1.206,0.207101003,,,,,,,,,0.971,0.998898997,0.027898997,,
1.326865138,1.498,0.171134862,,,,,,,,,1.206,1.326865138,0.120865138,,
1.597098847,1.464,0.133098847,,,,,,,,,1.498,1.597098847,0.099098847,,
1.392873986,1.436,0.043126014,,,,,,,,,1.464,1.392873986,0.071126014,,
1.467289458,1.544,0.076710542,,,,,,,,,1.436,1.467289458,0.031289458,,
1.579094448,1.862,0.282905552,,,,,,,,,1.544,1.579094448,0.035094448,,
2.025738249,2.193,0.167261751,,,,,,,,,1.862,2.025738249,0.163738249,,
2.307727039,2.551,0.243272961,,,,,,,,,2.193,2.307727039,0.114727039,,
2.703496957,2.761,0.057503043,,,,,,,,,2.551,2.703496957,0.152496957,,
2.800433749,2.891,0.090566251,,,,,,,,,2.761,2.800433749,0.039433749,,
2.947345828,3.19,0.242654172,,,,,,,,,2.891,2.947345828,0.056345828,,
3.333975019,3.01,0.323975019,,,,,,,,,3.19,3.333975019,0.143975019,,
2.830299823,3.068,0.237700177,,,,,,,,,3.01,2.830299823,0.179700177,,
3.216676406,5.212,1.995323594,,,,,,,,,3.068,3.216676406,0.148676406,,
6.353474454,9.24,2.886525546,,,,,,,,,5.212,6.353474454,1.141474454,,
10.96256789,10.366,0.596567895,,,,,,,,,9.24,10.96256789,1.722567895,,
10.16936532,5.808,4.361365322,,,,,,,,,10.366,10.16936532,0.196634678,,
3.313241368,2.566,0.747241368,,,,,,,,,5.808,3.313241368,2.494758632,,
2.03194189,1.044,0.98794189,,,,,,,,,2.566,2.03194189,0.53405811,,
0.361420621,0.343,0.018420621,,,,,,,,,1.044,0.361420621,0.682579379,,
0.502609442,0.253,0.249609442,,,,,,,,,0.343,0.502609442,0.159609442,,
0.326973977,0.703,0.376026023,,,,,,,,,0.253,0.326973977,0.073973977,,
0.894147562,1.193,0.298852438,,,,,,,,,0.703,0.894147562,0.191147562,,
1.329530919,0.916,0.413530919,,,,,,,,,1.193,1.329530919,0.136530919,,
0.65253952,2.465,1.81246048,,,,,,,,,0.916,0.65253952,0.26346048,,
3.509800902,3.471,0.038800902,,,,,,,,,2.465,3.509800902,1.044800902,,
3.431549585,2.071,1.360549585,,,,,,,,,3.471,3.431549585,0.039450415,,
1.294264229,1.228,0.066264229,,,,,,,,,2.071,1.294264229,0.776735771,,
1.185069738,1.666,0.480930262,,,,,,,,,1.228,1.185069738,0.042930262,,
1.851135392,2.858,1.006864608,,,,,,,,,1.666,1.851135392,0.185135392,,
3.491069584,2.286,1.205069584,,,,,,,,,2.858,3.491069584,0.633069584,,
1.675558234,1.656,0.019558234,,,,,,,,,2.286,1.675558234,0.610441766,,
1.630194878,1.522,0.108194878,,,,,,,,,1.656,1.630194878,0.025805122,,
1.393883213,1.763,0.369116787,,,,,,,,,1.522,1.393883213,0.128116787,,
1.959938491,2.079,0.119061509,,,,,,,,,1.763,1.959938491,0.196938491,,
2.213203985,2.316,0.102796015,,,,,,,,,2.079,2.213203985,0.134203985,,
2.384089489,2.24,0.144089489,,,,,,,,,2.316,2.384089489,0.068089489,,
2.139022554,2.449,0.309977446,,,,,,,,,2.24,2.139022554,0.100977446,,
2.616949459,3.299,0.682050541,,,,,,,,,2.449,2.616949459,0.167949459,,
3.696000901,4.52,0.823999099,,,,,,,,,3.299,3.696000901,0.397000901,,
5.015410812,5.234,0.218589188,,,,,,,,,4.52,5.015410812,0.495410812,,
5.380443223,5.434,0.053556777,,,,,,,,,5.234,5.380443223,0.146443223,,
5.455389527,5.717,0.261610473,,,,,,,,,5.434,5.455389527,0.021389527,,
5.84018833,6.167,0.32681167,,,,,,,,,5.717,5.84018833,0.12318833,,
6.342492957,6.695,0.352507043,,,,,,,,,6.167,6.342492957,0.175492957,,
6.922634042,6.913,0.009634042,,,,,,,,,6.695,6.922634042,0.227634042,,
6.926760408,6.589,0.337760408,,,,,,,,,6.913,6.926760408,0.013760408,,
6.38653459,6.151,0.23553459,,,,,,,,,6.589,6.38653459,0.20246541,,
6.001055644,5.962,0.039055644,,,,,,,,,6.151,6.001055644,0.149944356,,
5.931807421,5.968,0.036192579,,,,,,,,,5.962,5.931807421,0.030192579,,
6.002493851,6.084,0.081506149,,,,,,,,,5.968,6.002493851,0.034493851,,
6.156335353,6.311,0.154664647,,,,,,,,,6.084,6.156335353,0.072335353,,
6.411419789,6.64,0.228580211,,,,,,,,,6.311,6.411419789,0.100419789,,
6.771451753,7.067,0.295548247,,,,,,,,,6.64,6.771451753,0.131451753,,
7.239574358,7.415,0.175425642,,,,,,,,,7.067,7.239574358,0.172574358,,
7.518650704,7.694,0.175349296,,,,,,,,,7.415,7.518650704,0.103650704,,
7.796574495,7.72,0.076574495,,,,,,,,,7.694,7.796574495,0.102574495,,
7.671352345,7.894,0.222647655,,,,,,,,,7.72,7.671352345,0.048647655,,
8.022619503,7.988,0.034619503,,,,,,,,,7.894,8.022619503,0.128619503,,
7.969754662,7.743,0.226754662,,,,,,,,,7.988,7.969754662,0.018245338,,
7.614693168,7.444,0.170693168,,,,,,,,,7.743,7.614693168,0.128306832,,
7.350359305,7.426,0.075640695,,,,,,,,,7.444,7.350359305,0.093640695,,
7.464788376,7.364,0.100788376,,,,,,,,,7.426,7.464788376,0.038788376,,
7.311013802,7.415,0.103986198,,,,,,,,,7.364,7.311013802,0.052986198,,
7.493778202,7.65,0.156221798,,,,,,,,,7.415,7.493778202,0.078778202,,
7.747158478,7.815,0.067841522,,,,,,,,,7.65,7.747158478,0.097158478,,
7.851586709,8.19,0.338413291,,,,,,,,,7.815,7.851586709,0.036586709,,
8.396392206,8.381,0.015392206,,,,,,,,,8.19,8.396392206,0.206392206,,
8.370676117,8.451,0.080323883,,,,,,,,,8.381,8.370676117,0.010323883,,
8.496749545,8.599,0.102250455,,,,,,,,,8.451,8.496749545,0.045749545,,
8.660946166,8.746,0.085053834,,,,,,,,,8.599,8.660946166,0.061946166,,
8.791433509,8.798,0.006566491,,,,,,,,,8.746,8.791433509,0.045433509,,
8.811387222,8.501,0.310387222,,,,,,,,,8.798,8.811387222,0.013387222,,
8.322874046,8.202,0.120874046,,,,,,,,,8.501,8.322874046,0.178125954,,
8.127800984,7.947,0.180800984,,,,,,,,,8.202,8.127800984,0.074199016,,
7.838787516,7.445,0.393787516,,,,,,,,,7.947,7.838787516,0.108212484,,
7.218384711,7.112,0.106384711,,,,,,,,,7.445,7.218384711,0.226615289,,
7.06270377,7.084,0.02129623,,,,,,,,,7.112,7.06270377,0.04929623,,
7.098302073,7.127,0.028697927,,,,,,,,,7.084,7.098302073,0.014302073,,
7.150361582,6.995,0.155361582,,,,,,,,,7.127,7.150361582,0.023361582,,
6.917988799,6.282,0.635988799,,,,,,,,,6.995,6.917988799,0.077011201,,
5.90172662,5.992,0.09027338,,,,,,,,,6.282,5.90172662,0.38027338,,
6.033256157,6.062,0.028743843,,,,,,,,,5.992,6.033256157,0.041256157,,
6.074963307,6.123,0.048036693,,,,,,,,,6.062,6.074963307,0.012963307,,
6.167648329,6.205,0.037351671,,,,,,,,,6.123,6.167648329,0.044648329,,
6.252005497,6.039,0.213005497,,,,,,,,,6.205,6.252005497,0.047005497,,
5.901226736,5.962,0.060773264,,,,,,,,,6.039,5.901226736,0.137773264,,
5.987701804,6.567,0.579298196,,,,,,,,,5.962,5.987701804,0.025701804,,
6.910565715,7.308,0.397434285,,,,,,,,,6.567,6.910565715,0.343565715,,
7.550441514,8.38,0.829558486,,,,,,,,,7.308,7.550441514,0.242441514,,
8.892001485,9.009,0.116998515,,,,,,,,,8.38,8.892001485,0.512001485,,
9.081021073,9.536,0.454978927,,,,,,,,,9.009,9.081021073,0.072021073,,
9.78893491,9.216,0.57293491,,,,,,,,,9.536,9.78893491,0.25293491,,
8.866961083,5.432,3.434961083,,,,,,,,,9.216,8.866961083,0.349038917,,
3.36164804,1.857,1.50464804,,,,,,,,,5.432,3.36164804,2.07035196,,
0.918805353,0.288,0.630805353,,,,,,,,,1.857,0.918805353,0.938194647,,
-0.139620545,2.171,2.310620545,,,,,,,,,0.288,-0.139620545,0.427620545,,
3.663288726,6.31,2.646711274,,,,,,,,,2.171,3.663288726,1.492288726,,
8.20063863,8.627,0.42636137,,,,,,,,,6.31,8.20063863,1.89063863,,
8.984425336,9.68,0.695574664,,,,,,,,,8.627,8.984425336,0.357425336,,
9.954610612,10.885,0.930389388,,,,,,,,,9.68,9.954610612,0.274610612,,
11.17680245,5.92,5.25680245,,,,,,,,,10.885,11.17680245,0.29180245,,
2.449773872,3.014,0.564226128,,,,,,,,,5.92,2.449773872,3.470226128,,
3.202050388,3.262,0.059949612,,,,,,,,,3.014,3.202050388,0.188050388,,
3.297806476,3.416,0.118193524,,,,,,,,,3.262,3.297806476,0.035806476,,
3.770728023,2.975,0.795728023,,,,,,,,,3.416,3.770728023,0.354728023,,
2.975042849,2.202,0.773042849,,,,,,,,,2.975,2.975042849,4.28E-05,,
1.740575221,2.22,0.479424779,,,,,,,,,2.202,1.740575221,0.461424779,,
2.406785336,3.108,0.701214664,,,,,,,,,2.22,2.406785336,0.186785336,,
3.567680007,4.084,0.516319993,,,,,,,,,3.108,3.567680007,0.459680007,,
4.469736923,5.903,1.433263077,,,,,,,,,4.084,4.469736923,0.385736923,,
6.796519035,7.533,0.736480965,,,,,,,,,5.903,6.796519035,0.893519035,,
7.919523705,7.57,0.349523705,,,,,,,,,7.533,7.919523705,0.386523705,,
7.245888954,7.253,0.007111046,,,,,,,,,7.57,7.245888954,0.324111046,,
7.110459248,6.148,0.962459248,,,,,,,,,7.253,7.110459248,0.142540752,,
5.403265937,4.378,1.025265937,,,,,,,,,6.148,5.403265937,0.744734063,,
3.69954021,4.36,0.66045979,,,,,,,,,4.378,3.69954021,0.67845979,,
4.824429869,5.314,0.489570131,,,,,,,,,4.36,4.824429869,0.464429869,,
5.727248574,4.65,1.077248574,,,,,,,,,5.314,5.727248574,0.413248574,,
4.151910886,3.625,0.526910886,,,,,,,,,4.65,4.151910886,0.498089114,,
3.354897457,2.666,0.688897457,,,,,,,,,3.625,3.354897457,0.270102543,,
2.154302253,1.93,0.224302253,,,,,,,,,2.666,2.154302253,0.511697747,,
1.782837972,1.598,0.184837972,,,,,,,,,1.93,1.782837972,0.147162028,,
1.614073414,1.629,0.014926586,,,,,,,,,1.598,1.614073414,0.016073414,,
1.736559198,1.544,0.192559198,,,,,,,,,1.629,1.736559198,0.107559198,,
1.494773592,1.519,0.024226408,,,,,,,,,1.544,1.494773592,0.049226408,,
1.562609703,1.344,0.218609703,,,,,,,,,1.519,1.562609703,0.043609703,,
1.207653768,0.789,0.418653768,,,,,,,,,1.344,1.207653768,0.136346232,,
0.524247144,0.493,0.031247144,,,,,,,,,0.789,0.524247144,0.264752856,,
0.478009529,0.38,0.098009529,,,,,,,,,0.493,0.478009529,0.014990471,,
0.335137279,0.472,0.136862721,,,,,,,,,0.38,0.335137279,0.044862721,,
0.596497119,0.356,0.240497119,,,,,,,,,0.472,0.596497119,0.124497119,,
0.252813402,0.16,0.092813402,,,,,,,,,0.356,0.252813402,0.103186598,,
0.105500697,0.071,0.034500697,,,,,,,,,0.16,0.105500697,0.054499303,,
0.042534836,0.036,0.006534836,,,,,,,,,0.071,0.042534836,0.028465164,,
0.031400579,0.003,0.028400579,,,,,,,,,0.036,0.031400579,0.004599421,,
0.005272394,0,0.005272394,,,,,,,,,0.003,0.005272394,0.002272394,,
0.00842975,0.002,0.00642975,,,,,,,,,0,0.00842975,0.00842975,,
-0.001106892,0.009,0.010106892,,,,,,,,,0.002,-0.001106892,0.003106892,,
0.015445473,0,0.015445473,,,,,,,,,0.009,0.015445473,0.006445473,,
-0.00921016,0,0.00921016,,,,,,,,,0,-0.00921016,0.00921016,,
0.003686288,0,0.003686288,,,,,,,,,0,0.003686288,0.003686288,,
-0.003414369,0,0.003414369,,,,,,,,,0,-0.003414369,0.003414369,,
0.001395496,0,0.001395496,,,,,,,,,0,0.001395496,0.001395496,,
-0.000929983,0,0.000929983,,,,,,,,,0,-0.000929983,0.000929983,,
-0.000493736,0,0.000493736,,,,,,,,,0,-0.000493736,0.000493736,,
-0.000493535,0,0.000493535,,,,,,,,,0,-0.000493535,0.000493535,,
-0.000493313,0,0.000493313,,,,,,,,,0,-0.000493313,0.000493313,,
-0.000493092,0,0.000493092,,,,,,,,,0,-0.000493092,0.000493092,,
-0.000492877,0,0.000492877,,,,,,,,,0,-0.000492877,0.000492877,,
-0.000492656,0,0.000492656,,,,,,,,,0,-0.000492656,0.000492656,,
-0.000492435,0.009,0.009492435,,,,,,,,,0,-0.000492435,0.000492435,,
0.014008934,0.027,0.012991066,,,,,,,,,0.009,0.014008934,0.005008934,,
0.034250615,0.041,0.006749385,,,,,,,,,0.027,0.034250615,0.007250615,,
0.04435972,0.122,0.07764028,,,,,,,,,0.041,0.04435972,0.00335972,,
0.168027498,0.661,0.492972502,,,,,,,,,0.122,0.168027498,0.046027498,,
0.960822304,0.928,0.032822304,,,,,,,,,0.661,0.960822304,0.299822304,,
0.910284808,1.27,0.359715192,,,,,,,,,0.928,0.910284808,0.017715192,,
1.477244287,1.232,0.245244287,,,,,,,,,1.27,1.477244287,0.207244287,,
1.049586363,0.675,0.374586363,,,,,,,,,1.232,1.049586363,0.182413637,,
0.397030512,0.206,0.191030512,,,,,,,,,0.675,0.397030512,0.277969488,,
0.067161803,0.06,0.007161803,,,,,,,,,0.206,0.067161803,0.138838197,,
0.051447527,0.048,0.003447527,,,,,,,,,0.06,0.051447527,0.008552473,,
0.093054576,0.042,0.051054576,,,,,,,,,0.048,0.093054576,0.045054576,,
0.066774995,0.054,0.012774995,,,,,,,,,0.042,0.066774995,0.024774995,,
0.063103585,0.093,0.029896415,,,,,,,,,0.054,0.063103585,0.009103585,,
0.105823498,0.391,0.285176502,,,,,,,,,0.093,0.105823498,0.012823498,,
0.561459245,0.517,0.044459245,,,,,,,,,0.391,0.561459245,0.170459245,,
0.491141598,0.451,0.040141598,,,,,,,,,0.517,0.491141598,0.025858402,,
0.418393971,0.366,0.052393971,,,,,,,,,0.451,0.418393971,0.032606029,,
0.31344031,0.307,0.00644031,,,,,,,,,0.366,0.31344031,0.05255969,,
0.280769437,0.17,0.110769437,,,,,,,,,0.307,0.280769437,0.026230563,,
0.107605037,0.074,0.033605037,,,,,,,,,0.17,0.107605037,0.062394963,,
0.064130845,0.187,0.122869155,,,,,,,,,0.074,0.064130845,0.009869155,,
0.268948711,0.704,0.435051289,,,,,,,,,0.187,0.268948711,0.081948711,,
0.980199675,0.621,0.359199675,,,,,,,,,0.704,0.980199675,0.276199675,,
0.415254828,0.571,0.155745172,,,,,,,,,0.621,0.415254828,0.205745172,,
0.649950179,0.686,0.036049821,,,,,,,,,0.571,0.649950179,0.078950179,,
0.673779512,0.08,0.593779512,,,,,,,,,0.686,0.673779512,0.012220488,,
-0.303015794,0,0.303015794,,,,,,,,,0.08,-0.303015794,0.383015794,,
0.197926004,0,0.197926004,,,,,,,,,0,0.197926004,0.197926004,,
-0.115628155,0,0.115628155,,,,,,,,,0,-0.115628155,0.115628155,,
0.093698838,0,0.093698838,,,,,,,,,0,0.093698838,0.093698838,,
-0.01599982,0,0.01599982,,,,,,,,,0,-0.01599982,0.01599982,,
-0.004355944,0,0.004355944,,,,,,,,,0,-0.004355944,0.004355944,,
-0.000485648,0,0.000485648,,,,,,,,,0,-0.000485648,0.000485648,,
-0.000485431,0,0.000485431,,,,,,,,,0,-0.000485431,0.000485431,,
-0.000485226,0,0.000485226,,,,,,,,,0,-0.000485226,0.000485226,,
-0.000485012,0,0.000485012,,,,,,,,,0,-0.000485012,0.000485012,,
-0.000484797,0,0.000484797,,,,,,,,,0,-0.000484797,0.000484797,,
-0.000484589,0,0.000484589,,,,,,,,,0,-0.000484589,0.000484589,,
-0.000484373,0.001,0.001484373,,,,,,,,,0,-0.000484373,0.000484373,,
0.001126526,0.018,0.016873474,,,,,,,,,0.001,0.001126526,0.000126526,,
0.027536225,0.027,0.000536225,,,,,,,,,0.018,0.027536225,0.009536225,,
0.026066869,0.042,0.015933131,,,,,,,,,0.027,0.026066869,0.000933131,,
0.050668466,0.086,0.035331534,,,,,,,,,0.042,0.050668466,0.008668466,,
0.105892249,0.427,0.321107751,,,,,,,,,0.086,0.105892249,0.019892249,,
0.621152006,0.348,0.273152006,,,,,,,,,0.427,0.621152006,0.194152006,,
0.182710149,0.089,0.093710149,,,,,,,,,0.348,0.182710149,0.165289851,,
0.020648209,0.071,0.050351791,,,,,,,,,0.089,0.020648209,0.068351791,,
0.080679602,0.064,0.016679602,,,,,,,,,0.071,0.080679602,0.009679602,,
0.043903122,0.066,0.022096878,,,,,,,,,0.064,0.043903122,0.020096878,,
0.106568552,0.314,0.207431448,,,,,,,,,0.066,0.106568552,0.040568552,,
0.453413957,0.652,0.198586043,,,,,,,,,0.314,0.453413957,0.139413957,,
0.769000659,0.508,0.261000659,,,,,,,,,0.652,0.769000659,0.117000659,,
0.346563471,0.125,0.221563471,,,,,,,,,0.508,0.346563471,0.161436529,,
-0.031930984,0.077,0.108930984,,,,,,,,,0.125,-0.031930984,0.156930984,,
0.110619427,0.071,0.039619427,,,,,,,,,0.077,0.110619427,0.033619427,,
0.048517067,0.068,0.019482933,,,,,,,,,0.071,0.048517067,0.022482933,,
0.117426889,0.069,0.048426889,,,,,,,,,0.068,0.117426889,0.049426889,,
0.058807417,0.045,0.013807417,,,,,,,,,0.069,0.058807417,0.010192583,,
0.027635131,0.014,0.013635131,,,,,,,,,0.045,0.027635131,0.017364869,,
0.003721945,0,0.003721945,,,,,,,,,0.014,0.003721945,0.010278055,,
-0.002939233,0,0.002939233,,,,,,,,,0,-0.002939233,0.002939233,,
0.002554901,0,0.002554901,,,,,,,,,0,0.002554901,0.002554901,,
0.000901235,0,0.000901235,,,,,,,,,0,0.000901235,0.000901235,,
0.000439718,0,0.000439718,,,,,,,,,0,0.000439718,0.000439718,,
-0.001155939,0,0.001155939,,,,,,,,,0,-0.001155939,0.001155939,,
-0.000478926,0.027,0.027478926,,,,,,,,,0,-0.000478926,0.000478926,,
0.043008789,0.048,0.004991211,,,,,,,,,0.027,0.043008789,0.016008789,,
0.050576439,0.074,0.023423561,,,,,,,,,0.048,0.050576439,0.002576439,,
0.087232629,0.296,0.208767371,,,,,,,,,0.074,0.087232629,0.013232629,,
0.421250431,0.59,0.168749569,,,,,,,,,0.296,0.421250431,0.125250431,,
0.691667741,0.766,0.074332259,,,,,,,,,0.59,0.691667741,0.101667741,,
0.807849062,0.879,0.071150938,,,,,,,,,0.766,0.807849062,0.041849062,,
0.906017799,0.909,0.002982201,,,,,,,,,0.879,0.906017799,0.027017799,,
0.881506372,0.816,0.065506372,,,,,,,,,0.909,0.881506372,0.027493628,,
0.75464587,0.577,0.17764587,,,,,,,,,0.816,0.75464587,0.06135413,,
0.459476511,0.351,0.108476511,,,,,,,,,0.577,0.459476511,0.117523489,,
0.280789298,0.176,0.104789298,,,,,,,,,0.351,0.280789298,0.070210702,,
0.12006388,0.107,0.01306388,,,,,,,,,0.176,0.12006388,0.05593612,,
0.119182008,0.161,0.041817992,,,,,,,,,0.107,0.119182008,0.012182008,,
0.210864786,0.281,0.070135214,,,,,,,,,0.161,0.210864786,0.049864786,,
0.339774419,0.446,0.106225581,,,,,,,,,0.281,0.339774419,0.058774419,,
0.517263571,0.551,0.033736429,,,,,,,,,0.446,0.517263571,0.071263571,,
0.566493675,0.66,0.093506325,,,,,,,,,0.551,0.566493675,0.015493675,,
0.703266931,0.993,0.289733069,,,,,,,,,0.66,0.703266931,0.043266931,,
1.1550487,1.196,0.0409513,,,,,,,,,0.993,1.1550487,0.1620487,,
1.210966803,1.083,0.127966803,,,,,,,,,1.196,1.210966803,0.014966803,,
0.993482828,0.836,0.157482828,,,,,,,,,1.083,0.993482828,0.089517172,,
0.714395226,0.682,0.032395226,,,,,,,,,0.836,0.714395226,0.121604774,,
0.63542559,0.71,0.07457441,,,,,,,,,0.682,0.63542559,0.04657441,,
0.762285574,0.729,0.033285574,,,,,,,,,0.71,0.762285574,0.052285574,,
0.736469637,0.833,0.096530363,,,,,,,,,0.729,0.736469637,0.007469637,,
0.909706271,0.836,0.073706271,,,,,,,,,0.833,0.909706271,0.076706271,,
0.791489094,0.954,0.162510906,,,,,,,,,0.836,0.791489094,0.044510906,,
1.04371801,1.396,0.35228199,,,,,,,,,0.954,1.04371801,0.08971801,,
1.606650258,1.94,0.333349742,,,,,,,,,1.396,1.606650258,0.210650258,,
2.140473397,2.361,0.220526603,,,,,,,,,1.94,2.140473397,0.200473397,,
2.489969408,1.992,0.497969408,,,,,,,,,2.361,2.489969408,0.128969408,,
1.652779395,1.738,0.085220605,,,,,,,,,1.992,1.652779395,0.339220605,,
1.728493526,1.443,0.285493526,,,,,,,,,1.738,1.728493526,0.009506474,,
1.234220519,0.993,0.241220519,,,,,,,,,1.443,1.234220519,0.208779481,,
0.857783802,0.893,0.035216198,,,,,,,,,0.993,0.857783802,0.135216198,,
0.961599708,0.698,0.263599708,,,,,,,,,0.893,0.961599708,0.068599708,,
0.563238261,0.577,0.013761739,,,,,,,,,0.698,0.563238261,0.134761739,,
0.616868596,0.494,0.122868596,,,,,,,,,0.577,0.616868596,0.039868596,,
0.443236042,0.408,0.035236042,,,,,,,,,0.494,0.443236042,0.050763958,,
0.389744281,0.29,0.099744281,,,,,,,,,0.408,0.389744281,0.018255719,,
0.243515187,0.207,0.036515187,,,,,,,,,0.29,0.243515187,0.046484813,,
0.189846227,0.248,0.058153773,,,,,,,,,0.207,0.189846227,0.017153773,,
0.289850225,0.45,0.160149775,,,,,,,,,0.248,0.289850225,0.041850225,,
0.557772365,0.65,0.092227635,,,,,,,,,0.45,0.557772365,0.107772365,,
0.715642904,0.694,0.021642904,,,,,,,,,0.65,0.715642904,0.065642904,,
0.677678453,0.63,0.047678453,,,,,,,,,0.694,0.677678453,0.016321547,,
0.581916512,0.635,0.053083488,,,,,,,,,0.63,0.581916512,0.048083488,,
0.64494339,0.604,0.04094339,,,,,,,,,0.635,0.64494339,0.00994339,,
0.572145119,0.417,0.155145119,,,,,,,,,0.604,0.572145119,0.031854881,,
0.327833639,0.081,0.246833639,,,,,,,,,0.417,0.327833639,0.089166361,,
-0.067160125,0.053,0.120160125,,,,,,,,,0.081,-0.067160125,0.148160125,,
0.125127557,0.033,0.092127557,,,,,,,,,0.053,0.125127557,0.072127557,,
-0.006176833,0.023,0.029176833,,,,,,,,,0.033,-0.006176833,0.039176833,,
0.067085682,0.025,0.042085682,,,,,,,,,0.023,0.067085682,0.044085682,,
0.014042966,0.025,0.010957034,,,,,,,,,0.025,0.014042966,0.010957034,,
0.023916032,0.018,0.005916032,,,,,,,,,0.025,0.023916032,0.001083968,,
0.014428904,0,0.014428904,,,,,,,,,0.018,0.014428904,0.003571096,,
-0.009753693,0,0.009753693,,,,,,,,,0,-0.009753693,0.009753693,,
0.004738912,0,0.004738912,,,,,,,,,0,0.004738912,0.004738912,,
-0.002870478,0,0.002870478,,,,,,,,,0,-0.002870478,0.002870478,,
0.002305132,0,0.002305132,,,,,,,,,0,0.002305132,0.002305132,,
-0.001331923,0,0.001331923,,,,,,,,,0,-0.001331923,0.001331923,,
-0.000466172,0,0.000466172,,,,,,,,,0,-0.000466172,0.000466172,,
-0.000465988,0,0.000465988,,,,,,,,,0,-0.000465988,0.000465988,,
-0.000465786,0,0.000465786,,,,,,,,,0,-0.000465786,0.000465786,,
-0.000465592,0,0.000465592,,,,,,,,,0,-0.000465592,0.000465592,,
-0.0004654,0,0.0004654,,,,,,,,,0,-0.0004654,0.0004654,,
-0.000465203,0,0.000465203,,,,,,,,,0,-0.000465203,0.000465203,,
-0.000465019,0,0.000465019,,,,,,,,,0,-0.000465019,0.000465019,,
-0.000464817,0,0.000464817,,,,,,,,,0,-0.000464817,0.000464817,,
-0.000464627,0.018,0.018464627,,,,,,,,,0,-0.000464627,0.000464627,,
0.028534394,0.044,0.015465606,,,,,,,,,0.018,0.028534394,0.010534394,,
0.052913453,0.078,0.025086547,,,,,,,,,0.044,0.052913453,0.008913453,,
0.092526517,0.233,0.140473483,,,,,,,,,0.078,0.092526517,0.014526517,,
0.317075658,0.273,0.044075658,,,,,,,,,0.233,0.317075658,0.084075658,,
0.244145842,0.401,0.156854158,,,,,,,,,0.273,0.244145842,0.028854158,,
0.490834898,0.544,0.053165102,,,,,,,,,0.401,0.490834898,0.089834898,,
0.567604281,0.756,0.188395719,,,,,,,,,0.544,0.567604281,0.023604281,,
0.859720955,0.891,0.031279045,,,,,,,,,0.756,0.859720955,0.103720955,,
0.905051682,1.182,0.276948318,,,,,,,,,0.891,0.905051682,0.014051682,,
1.334785727,1.353,0.018214273,,,,,,,,,1.182,1.334785727,0.152785727,,
1.349456841,1.502,0.152543159,,,,,,,,,1.353,1.349456841,0.003543159,,
1.576403473,1.393,0.183403473,,,,,,,,,1.502,1.576403473,0.074403473,,
1.26303488,1.333,0.06996512,,,,,,,,,1.393,1.26303488,0.12996512,,
1.350058235,1.328,0.022058235,,,,,,,,,1.333,1.350058235,0.017058235,,
1.307208208,1.231,0.076208208,,,,,,,,,1.328,1.307208208,0.020791792,,
1.187371829,1.346,0.158628171,,,,,,,,,1.231,1.187371829,0.043628171,,
1.45534739,1.513,0.05765261,,,,,,,,,1.346,1.45534739,0.10934739,,
1.551881669,1.561,0.009118331,,,,,,,,,1.513,1.551881669,0.038881669,,
1.569450603,1.549,0.020450603,,,,,,,,,1.561,1.569450603,0.008450603,,
1.533274468,1.709,0.175725532,,,,,,,,,1.549,1.533274468,0.015725532,,
1.797417882,2.048,0.250582118,,,,,,,,,1.709,1.797417882,0.088417882,,
2.194631978,2.338,0.143368022,,,,,,,,,2.048,2.194631978,0.146631978,,
2.429185837,2.811,0.381814163,,,,,,,,,2.338,2.429185837,0.091185837,,
3.035260977,3.336,0.300739023,,,,,,,,,2.811,3.035260977,0.224260977,,
3.493654961,3.79,0.296345039,,,,,,,,,3.336,3.493654961,0.157654961,,
3.939544709,4.214,0.274455291,,,,,,,,,3.79,3.939544709,0.149544709,,
4.347686242,3.798,0.549686242,,,,,,,,,4.214,4.347686242,0.133686242,,
3.414306803,3.383,0.031306803,,,,,,,,,3.798,3.414306803,0.383693197,,
3.312318558,2.852,0.460318558,,,,,,,,,3.383,3.312318558,0.070681442,,
2.542990518,2.484,0.058990518,,,,,,,,,2.852,2.542990518,0.309009482,,
2.460095044,1.987,0.473095044,,,,,,,,,2.484,2.460095044,0.023904956,,
1.761524547,1.723,0.038524547,,,,,,,,,1.987,1.761524547,0.225475453,,
1.739082027,1.29,0.449082027,,,,,,,,,1.723,1.739082027,0.016082027,,
1.05893021,1.11,0.05106979,,,,,,,,,1.29,1.05893021,0.23106979,,
1.171125446,1.187,0.015874554,,,,,,,,,1.11,1.171125446,0.061125446,,
1.233950473,1.302,0.068049527,,,,,,,,,1.187,1.233950473,0.046950473,,
1.370279365,1.626,0.255720635,,,,,,,,,1.302,1.370279365,0.068279365,,
1.808377367,1.808,0.000377367,,,,,,,,,1.626,1.808377367,0.182377367,,
1.803636514,1.818,0.014363486,,,,,,,,,1.808,1.803636514,0.004363486,,
1.80722384,1.765,0.04222384,,,,,,,,,1.818,1.80722384,0.01077616,,
1.715185982,1.772,0.056814018,,,,,,,,,1.765,1.715185982,0.049814018,,
1.781517998,1.734,0.047517998,,,,,,,,,1.772,1.781517998,0.009517998,,
1.704578898,1.658,0.046578898,,,,,,,,,1.734,1.704578898,0.029421102,,
1.636242518,1.509,0.127242518,,,,,,,,,1.658,1.636242518,0.021757482,,
1.433972729,1.307,0.126972729,,,,,,,,,1.509,1.433972729,0.075027271,,
1.228828291,1.325,0.096171709,,,,,,,,,1.307,1.228828291,0.078171709,,
1.3902373,1.533,0.1427627,,,,,,,,,1.325,1.3902373,0.0652373,,
1.635221522,1.771,0.135778478,,,,,,,,,1.533,1.635221522,0.102221522,,
1.872760374,1.808,0.064760374,,,,,,,,,1.771,1.872760374,0.101760374,,
1.773730179,1.721,0.052730179,,,,,,,,,1.808,1.773730179,0.034269821,,
1.667189276,1.546,0.121189276,,,,,,,,,1.721,1.667189276,0.053810724,,
1.446718474,1.389,0.057718474,,,,,,,,,1.546,1.446718474,0.099281526,,
1.343613702,1.325,0.018613702,,,,,,,,,1.389,1.343613702,0.045386298,,
1.324139627,1.093,0.231139627,,,,,,,,,1.325,1.324139627,0.000860373,,
0.968652818,0.858,0.110652818,,,,,,,,,1.093,0.968652818,0.124347182,,
0.80370001,0.741,0.06270001,,,,,,,,,0.858,0.80370001,0.05429999,,
0.711131937,0.687,0.024131937,,,,,,,,,0.741,0.711131937,0.029868063,,
0.685763129,0.725,0.039236871,,,,,,,,,0.687,0.685763129,0.001236871,,
0.77345312,0.691,0.08245312,,,,,,,,,0.725,0.77345312,0.04845312,,
0.65439421,0.565,0.08939421,,,,,,,,,0.691,0.65439421,0.03660579,,
0.511263646,0.384,0.127263646,,,,,,,,,0.565,0.511263646,0.053736354,,
0.302538702,0.085,0.217538702,,,,,,,,,0.384,0.302538702,0.081461298,,
-0.050521128,0.032,0.082521128,,,,,,,,,0.085,-0.050521128,0.135521128,,
0.090862704,0,0.090862704,,,,,,,,,0.032,0.090862704,0.058862704,,
-0.035598118,0.065,0.100598118,,,,,,,,,0,-0.035598118,0.035598118,,
0.148066289,5.847,5.698933711,,,,,,,,,0.065,0.148066289,0.083066289,,
9.353087398,16,6.646912602,,,,,,,,,5.847,9.353087398,3.506087398,,
20.50157258,7.787,12.71457258,,,,,,,,,16,20.50157258,4.501572578,,
0.262550114,0.065,0.197550114,,,,,,,,,7.787,0.262550114,7.524449886,,
0.519513569,0,0.519513569,,,,,,,,,0.065,0.519513569,0.454513569,,
-0.336174998,0,0.336174998,,,,,,,,,0,-0.336174998,0.336174998,,
0.281678982,0,0.281678982,,,,,,,,,0,0.281678982,0.281678982,,
1.044071186,0.2,0.844071186,,,,,,,,,0,1.044071186,1.044071186,,
-0.030615104,1.785,1.815615104,,,,,,,,,0.2,-0.030615104,0.230615104,,
2.585455579,2.604,0.018544421,,,,,,,,,1.785,2.585455579,0.800455579,,
2.448187539,2.959,0.510812461,,,,,,,,,2.604,2.448187539,0.155812461,,
3.126957902,2.208,0.918957902,,,,,,,,,2.959,3.126957902,0.167957902,,
1.557724944,1.905,0.347275056,,,,,,,,,2.208,1.557724944,0.650275056,,
2.032454211,2.048,0.015545789,,,,,,,,,1.905,2.032454211,0.127454211,,
2.057609338,2.093,0.035390662,,,,,,,,,2.048,2.057609338,0.009609338,,
2.130502721,2.218,0.087497279,,,,,,,,,2.093,2.130502721,0.037502721,,
2.328071118,2.513,0.184928882,,,,,,,,,2.218,2.328071118,0.110071118,,
2.602869912,3.247,0.644130088,,,,,,,,,2.513,2.602869912,0.089869912,,
3.558580404,4.128,0.569419596,,,,,,,,,3.247,3.558580404,0.311580404,,
4.360997273,3.66,0.700997273,,,,,,,,,4.128,4.360997273,0.232997273,,
3.146796302,1.939,1.207796302,,,,,,,,,3.66,3.146796302,0.513203698,,
1.245555213,1.174,0.071555213,,,,,,,,,1.939,1.245555213,0.693444787,,
1.233859044,0.08,1.153859044,,,,,,,,,1.174,1.233859044,0.059859044,,
-0.479407083,0.034,0.513407083,,,,,,,,,0.08,-0.479407083,0.559407083,,
0.571777794,0.056,0.515777794,,,,,,,,,0.034,0.571777794,0.537777794,,
-0.068234638,0.086,0.154234638,,,,,,,,,0.056,-0.068234638,0.124234638,,
0.243741928,0.05,0.193741928,,,,,,,,,0.086,0.243741928,0.157741928,,
-0.002335679,0.024,0.026335679,,,,,,,,,0.05,-0.002335679,0.052335679,,
0.025167385,0.022,0.003167385,,,,,,,,,0.024,0.025167385,0.001167385,,
0.019087739,0.016,0.003087739,,,,,,,,,0.022,0.019087739,0.002912261,,
0.014320283,0,0.014320283,,,,,,,,,0.016,0.014320283,0.001679717,,
-0.004107537,0,0.004107537,,,,,,,,,0,-0.004107537,0.004107537,,
0.004379221,0,0.004379221,,,,,,,,,0,0.004379221,0.004379221,,
-0.002964819,0,0.002964819,,,,,,,,,0,-0.002964819,0.002964819,,
0.001976552,0,0.001976552,,,,,,,,,0,0.001976552,0.001976552,,
-0.000978106,0,0.000978106,,,,,,,,,0,-0.000978106,0.000978106,,
-0.000514377,0,0.000514377,,,,,,,,,0,-0.000514377,0.000514377,,
-0.000514165,0,0.000514165,,,,,,,,,0,-0.000514165,0.000514165,,
-0.000513952,0,0.000513952,,,,,,,,,0,-0.000513952,0.000513952,,
-0.000513748,0,0.000513748,,,,,,,,,0,-0.000513748,0.000513748,,
-0.000513551,0,0.000513551,,,,,,,,,0,-0.000513551,0.000513551,,
-0.000513347,0,0.000513347,,,,,,,,,0,-0.000513347,0.000513347,,
-0.000513149,0,0.000513149,,,,,,,,,0,-0.000513149,0.000513149,,
-0.000512925,0,0.000512925,,,,,,,,,0,-0.000512925,0.000512925,,
-0.000512718,0,0.000512718,,,,,,,,,0,-0.000512718,0.000512718,,
-0.000512521,0,0.000512521,,,,,,,,,0,-0.000512521,0.000512521,,
-0.000512322,0,0.000512322,,,,,,,,,0,-0.000512322,0.000512322,,
-0.000512109,0,0.000512109,,,,,,,,,0,-0.000512109,0.000512109,,
-0.000511908,0,0.000511908,,,,,,,,,0,-0.000511908,0.000511908,,
-0.000511706,0,0.000511706,,,,,,,,,0,-0.000511706,0.000511706,,
-0.000511499,0,0.000511499,,,,,,,,,0,-0.000511499,0.000511499,,
-0.000511294,0,0.000511294,,,,,,,,,0,-0.000511294,0.000511294,,
-0.000511092,0,0.000511092,,,,,,,,,0,-0.000511092,0.000511092,,
-0.000510896,0,0.000510896,,,,,,,,,0,-0.000510896,0.000510896,,
-0.00051069,0,0.00051069,,,,,,,,,0,-0.00051069,0.00051069,,
-0.000510478,0,0.000510478,,,,,,,,,0,-0.000510478,0.000510478,,
-0.000510269,0,0.000510269,,,,,,,,,0,-0.000510269,0.000510269,,
-0.000510093,0,0.000510093,,,,,,,,,0,-0.000510093,0.000510093,,
-0.000509882,0,0.000509882,,,,,,,,,0,-0.000509882,0.000509882,,
-0.000509685,0.015,0.015509685,,,,,,,,,0,-0.000509685,0.000509685,,
0.022863274,0.016,0.006863274,,,,,,,,,0.015,0.022863274,0.007863274,,
0.009878891,0.037,0.027121109,,,,,,,,,0.016,0.009878891,0.006121109,,
0.050985476,0.063,0.012014524,,,,,,,,,0.037,0.050985476,0.013985476,,
0.066084146,0.045,0.021084146,,,,,,,,,0.063,0.066084146,0.003084146,,
0.028479934,0.031,0.002520066,,,,,,,,,0.045,0.028479934,0.016520066,,
0.032142364,0.035,0.002857636,,,,,,,,,0.031,0.032142364,0.001142364,,
0.034959198,0.051,0.016040802,,,,,,,,,0.035,0.034959198,4.08E-05,,
0.058571239,0.075,0.016428761,,,,,,,,,0.051,0.058571239,0.007571239,,
0.083976305,0.135,0.051023695,,,,,,,,,0.075,0.083976305,0.008976305,,
0.160446459,0.187,0.026553541,,,,,,,,,0.135,0.160446459,0.025446459,,
0.193398809,0.204,0.010601191,,,,,,,,,0.187,0.193398809,0.006398809,,
0.200817448,0.183,0.017817448,,,,,,,,,0.204,0.200817448,0.003182552,,
0.165558687,0.25,0.084441313,,,,,,,,,0.183,0.165558687,0.017441313,,
0.292272176,0.57,0.277727824,,,,,,,,,0.25,0.292272176,0.042272176,,
0.71483968,1.229,0.51416032,,,,,,,,,0.57,0.71483968,0.14483968,,
1.483082206,1.384,0.099082206,,,,,,,,,1.229,1.483082206,0.254082206,,
1.255164445,1.354,0.098835555,,,,,,,,,1.384,1.255164445,0.128835555,,
1.361711615,1.866,0.504288385,,,,,,,,,1.354,1.361711615,0.007711615,,
2.096571369,2.145,0.048428631,,,,,,,,,1.866,2.096571369,0.230571369,,
2.077026439,2.527,0.449973561,,,,,,,,,2.145,2.077026439,0.067973561,,
2.743863929,2.396,0.347863929,,,,,,,,,2.527,2.743863929,0.216863929,,
2.139062439,2.129,0.010062439,,,,,,,,,2.396,2.139062439,0.256937561,,
2.083569566,1.63,0.453569566,,,,,,,,,2.129,2.083569566,0.045430434,,
1.378219083,0.844,0.534219083,,,,,,,,,1.63,1.378219083,0.251780917,,
0.586573984,0.389,0.197573984,,,,,,,,,0.844,0.586573984,0.257426016,,
0.39279867,0.068,0.32479867,,,,,,,,,0.389,0.39279867,0.00379867,,
-0.015944911,0.044,0.059944911,,,,,,,,,0.068,-0.015944911,0.083944911,,
0.182035983,0.059,0.123035983,,,,,,,,,0.044,0.182035983,0.138035983,,
0.061675354,0.334,0.272324646,,,,,,,,,0.059,0.061675354,0.002675354,,
0.51620019,1.107,0.59079981,,,,,,,,,0.334,0.51620019,0.18220019,,
1.423462276,2.337,0.913537724,,,,,,,,,1.107,1.423462276,0.316462276,,
2.762081392,3.585,0.822918608,,,,,,,,,2.337,2.762081392,0.425081392,,
3.897323635,5.02,1.122676365,,,,,,,,,3.585,3.897323635,0.312323635,,
5.454478004,6.433,0.978521996,,,,,,,,,5.02,5.454478004,0.434478004,,
6.724544798,6.939,0.214455202,,,,,,,,,6.433,6.724544798,0.291544798,,
6.780934162,7.783,1.002065838,,,,,,,,,6.939,6.780934162,0.158065838,,
8.155725439,8.758,0.602274561,,,,,,,,,7.783,8.155725439,0.372725439,,
8.882843805,8.24,0.642843805,,,,,,,,,8.758,8.882843805,0.124843805,,
7.691131903,8.322,0.630868097,,,,,,,,,8.24,7.691131903,0.548868097,,
8.668128085,7.015,1.653128085,,,,,,,,,8.322,8.668128085,0.346128085,,
6.002810277,5.378,0.624810277,,,,,,,,,7.015,6.002810277,1.012189723,,
5.125789684,5.504,0.378210316,,,,,,,,,5.378,5.125789684,0.252210316,,
5.934716235,5.327,0.607716235,,,,,,,,,5.504,5.934716235,0.430716235,,
5.046180249,4.654,0.392180249,,,,,,,,,5.327,5.046180249,0.280819751,,
4.610176574,4.263,0.347176574,,,,,,,,,4.654,4.610176574,0.043823426,,
4.208538151,4.103,0.105538151,,,,,,,,,4.263,4.208538151,0.054461849,,
4.061643101,4.179,0.117356899,,,,,,,,,4.103,4.061643101,0.041356899,,
4.31039157,3.923,0.38739157,,,,,,,,,4.179,4.31039157,0.13139157,,
3.758396179,3.251,0.507396179,,,,,,,,,3.923,3.758396179,0.164603821,,
3.008949136,2.552,0.456949136,,,,,,,,,3.251,3.008949136,0.242050864,,
2.36041632,2.149,0.21141632,,,,,,,,,2.552,2.36041632,0.19158368,,
2.107797713,1.89,0.217797713,,,,,,,,,2.149,2.107797713,0.041202287,,
1.861817059,1.657,0.204817059,,,,,,,,,1.89,1.861817059,0.028182941,,
1.639730733,1.555,0.084730733,,,,,,,,,1.657,1.639730733,0.017269267,,
1.581630949,1.488,0.093630949,,,,,,,,,1.555,1.581630949,0.026630949,,
1.471819606,1.326,0.145819606,,,,,,,,,1.488,1.471819606,0.016180394,,
1.270609137,1.149,0.121609137,,,,,,,,,1.326,1.270609137,0.055390863,,
1.110434548,1.225,0.114565452,,,,,,,,,1.149,1.110434548,0.038565452,,
1.312783485,1.273,0.039783485,,,,,,,,,1.225,1.312783485,0.087783485,,
1.255453448,1.217,0.038453448,,,,,,,,,1.273,1.255453448,0.017546552,,
1.206564117,1.269,0.062435883,,,,,,,,,1.217,1.206564117,0.010435883,,
1.31305486,1.396,0.08294514,,,,,,,,,1.269,1.31305486,0.04405486,,
1.42846808,1.34,0.08846808,,,,,,,,,1.396,1.42846808,0.03246808,,
1.278669544,1.11,0.168669544,,,,,,,,,1.34,1.278669544,0.061330456,,
1.020274383,0.892,0.128274383,,,,,,,,,1.11,1.020274383,0.089725617,,
0.831339611,0.765,0.066339611,,,,,,,,,0.892,0.831339611,0.060660389,,
0.745906843,0.747,0.001093157,,,,,,,,,0.765,0.745906843,0.019093157,,
0.777882545,0.777,0.000882545,,,,,,,,,0.747,0.777882545,0.030882545,,
0.802519644,0.812,0.009480356,,,,,,,,,0.777,0.802519644,0.025519644,,
0.829529784,0.786,0.043529784,,,,,,,,,0.812,0.829529784,0.017529784,,
0.76224878,0.762,0.00024878,,,,,,,,,0.786,0.76224878,0.02375122,,
0.760839609,0.816,0.055160391,,,,,,,,,0.762,0.760839609,0.001160391,,
0.845440932,0.808,0.037440932,,,,,,,,,0.816,0.845440932,0.029440932,,
0.781461564,0.751,0.030461564,,,,,,,,,0.808,0.781461564,0.026538436,,
0.736783644,0.751,0.014216356,,,,,,,,,0.751,0.736783644,0.014216356,,
0.762498273,0.781,0.018501727,,,,,,,,,0.751,0.762498273,0.011498273,,
0.788356266,0.718,0.070356266,,,,,,,,,0.781,0.788356266,0.007356266,,
0.679272762,0.609,0.070272762,,,,,,,,,0.718,0.679272762,0.038727238,,
0.577738566,0.657,0.079261434,,,,,,,,,0.609,0.577738566,0.031261434,,
0.709596216,0.662,0.047596216,,,,,,,,,0.657,0.709596216,0.052596216,,
0.632800992,0.522,0.110800992,,,,,,,,,0.662,0.632800992,0.029199008,,
0.46739728,0.4,0.06739728,,,,,,,,,0.522,0.46739728,0.05460272,,
0.377717809,0.346,0.031717809,,,,,,,,,0.4,0.377717809,0.022282191,,
0.335438351,0.287,0.048438351,,,,,,,,,0.346,0.335438351,0.010561649,,
0.272563033,0.413,0.140436967,,,,,,,,,0.287,0.272563033,0.014436967,,
0.511855827,0.659,0.147144173,,,,,,,,,0.413,0.511855827,0.098855827,,
0.7380612,0.836,0.0979388,,,,,,,,,0.659,0.7380612,0.0790612,,
0.870331388,1.172,0.301668612,,,,,,,,,0.836,0.870331388,0.034331388,,
1.319069017,1.473,0.153930983,,,,,,,,,1.172,1.319069017,0.147069017,,
1.506474322,1.706,0.199525678,,,,,,,,,1.473,1.506474322,0.033474322,,
1.765383257,1.736,0.029383257,,,,,,,,,1.706,1.765383257,0.059383257,,
1.672521339,1.668,0.004521339,,,,,,,,,1.736,1.672521339,0.063478661,,
1.628427213,1.567,0.061427213,,,,,,,,,1.668,1.628427213,0.039572787,,
1.515100535,1.421,0.094100535,,,,,,,,,1.567,1.515100535,0.051899465,,
1.367687331,1.193,0.174687331,,,,,,,,,1.421,1.367687331,0.053312669,,
1.114547528,0.8,0.314547528,,,,,,,,,1.193,1.114547528,0.078452472,,
0.654618989,0.543,0.111618989,,,,,,,,,0.8,0.654618989,0.145381011,,
0.530192391,0.306,0.224192391,,,,,,,,,0.543,0.530192391,0.012807609,,
0.22532997,0.084,0.14132997,,,,,,,,,0.306,0.22532997,0.08067003,,
0.057904253,0.067,0.009095747,,,,,,,,,0.084,0.057904253,0.026095747,,
0.126592065,0.049,0.077592065,,,,,,,,,0.067,0.126592065,0.059592065,,
0.028572356,0.035,0.006427644,,,,,,,,,0.049,0.028572356,0.020427644,,
0.059784767,0.038,0.021784767,,,,,,,,,0.035,0.059784767,0.024784767,,
0.036769845,0.042,0.005230155,,,,,,,,,0.038,0.036769845,0.001230155,,
0.04198804,0.039,0.00298804,,,,,,,,,0.042,0.04198804,1.20E-05,,
0.037620232,0.037,0.000620232,,,,,,,,,0.039,0.037620232,0.001379768,,
0.036548048,0.04,0.003451952,,,,,,,,,0.037,0.036548048,0.000451952,,
0.040817358,0.036,0.004817358,,,,,,,,,0.04,0.040817358,0.000817358,,
0.032249515,0.029,0.003249515,,,,,,,,,0.036,0.032249515,0.003750485,,
0.027108424,0.017,0.010108424,,,,,,,,,0.029,0.027108424,0.001891576,,
0.011194555,0.016,0.004805445,,,,,,,,,0.017,0.011194555,0.005805445,,
0.019109806,0.022,0.002890194,,,,,,,,,0.016,0.019109806,0.003109806,,
0.02375648,0.018,0.00575648,,,,,,,,,0.022,0.02375648,0.00175648,,
0.014387275,0.013,0.001387275,,,,,,,,,0.018,0.014387275,0.003612725,,
0.012426199,0,0.012426199,,,,,,,,,0.013,0.012426199,0.000573801,,
-0.007658055,0,0.007658055,,,,,,,,,0,-0.007658055,0.007658055,,
0.004606949,0,0.004606949,,,,,,,,,0,0.004606949,0.004606949,,
-0.002587132,0,0.002587132,,,,,,,,,0,-0.002587132,0.002587132,,
0.001533197,0,0.001533197,,,,,,,,,0,0.001533197,0.001533197,,
-0.000892679,0,0.000892679,,,,,,,,,0,-0.000892679,0.000892679,,
-0.00047645,0,0.00047645,,,,,,,,,0,-0.00047645,0.00047645,,
-0.000476266,0,0.000476266,,,,,,,,,0,-0.000476266,0.000476266,,
-0.000476087,0,0.000476087,,,,,,,,,0,-0.000476087,0.000476087,,
-0.00047591,0,0.00047591,,,,,,,,,0,-0.00047591,0.00047591,,
-0.000475731,0,0.000475731,,,,,,,,,0,-0.000475731,0.000475731,,
-0.000475568,0,0.000475568,,,,,,,,,0,-0.000475568,0.000475568,,
-0.000475371,0,0.000475371,,,,,,,,,0,-0.000475371,0.000475371,,
-0.000475185,0,0.000475185,,,,,,,,,0,-0.000475185,0.000475185,,
-0.000475011,0,0.000475011,,,,,,,,,0,-0.000475011,0.000475011,,
-0.000474828,0,0.000474828,,,,,,,,,0,-0.000474828,0.000474828,,
-0.000474655,0,0.000474655,,,,,,,,,0,-0.000474655,0.000474655,,
-0.000474477,0,0.000474477,,,,,,,,,0,-0.000474477,0.000474477,,
-0.000474302,0,0.000474302,,,,,,,,,0,-0.000474302,0.000474302,,
-0.000474119,0,0.000474119,,,,,,,,,0,-0.000474119,0.000474119,,
-0.000473933,0,0.000473933,,,,,,,,,0,-0.000473933,0.000473933,,
-0.000473754,0,0.000473754,,,,,,,,,0,-0.000473754,0.000473754,,
-0.000473571,0,0.000473571,,,,,,,,,0,-0.000473571,0.000473571,,
-0.000473403,0,0.000473403,,,,,,,,,0,-0.000473403,0.000473403,,
-0.000473221,0,0.000473221,,,,,,,,,0,-0.000473221,0.000473221,,
-0.000473041,0,0.000473041,,,,,,,,,0,-0.000473041,0.000473041,,
-0.000472861,0,0.000472861,,,,,,,,,0,-0.000472861,0.000472861,,
-0.000472687,0,0.000472687,,,,,,,,,0,-0.000472687,0.000472687,,
-0.000472508,0,0.000472508,,,,,,,,,0,-0.000472508,0.000472508,,
-0.000472338,0,0.000472338,,,,,,,,,0,-0.000472338,0.000472338,,
-0.000472155,0,0.000472155,,,,,,,,,0,-0.000472155,0.000472155,,
-0.000471981,0,0.000471981,,,,,,,,,0,-0.000471981,0.000471981,,
-0.000471796,0,0.000471796,,,,,,,,,0,-0.000471796,0.000471796,,
-0.000471635,0,0.000471635,,,,,,,,,0,-0.000471635,0.000471635,,
-0.000471444,0,0.000471444,,,,,,,,,0,-0.000471444,0.000471444,,
-0.000471262,0,0.000471262,,,,,,,,,0,-0.000471262,0.000471262,,
-0.000471099,0,0.000471099,,,,,,,,,0,-0.000471099,0.000471099,,
-0.000470922,0,0.000470922,,,,,,,,,0,-0.000470922,0.000470922,,
-0.000470747,0,0.000470747,,,,,,,,,0,-0.000470747,0.000470747,,
-0.000470567,0,0.000470567,,,,,,,,,0,-0.000470567,0.000470567,,
-0.000470397,0,0.000470397,,,,,,,,,0,-0.000470397,0.000470397,,
-0.000470221,0,0.000470221,,,,,,,,,0,-0.000470221,0.000470221,,
-0.000470033,0,0.000470033,,,,,,,,,0,-0.000470033,0.000470033,,
-0.000469864,0,0.000469864,,,,,,,,,0,-0.000469864,0.000469864,,
-0.0004697,0,0.0004697,,,,,,,,,0,-0.0004697,0.0004697,,
-0.000469521,0,0.000469521,,,,,,,,,0,-0.000469521,0.000469521,,
-0.000469329,0,0.000469329,,,,,,,,,0,-0.000469329,0.000469329,,
-0.00046915,0,0.00046915,,,,,,,,,0,-0.00046915,0.00046915,,
-0.000468992,0,0.000468992,,,,,,,,,0,-0.000468992,0.000468992,,
-0.000468807,0,0.000468807,,,,,,,,,0,-0.000468807,0.000468807,,
-0.000468647,0,0.000468647,,,,,,,,,0,-0.000468647,0.000468647,,
-0.000468477,0,0.000468477,,,,,,,,,0,-0.000468477,0.000468477,,
-0.0004683,0,0.0004683,,,,,,,,,0,-0.0004683,0.0004683,,
-0.000468116,0,0.000468116,,,,,,,,,0,-0.000468116,0.000468116,,
-0.000467945,0,0.000467945,,,,,,,,,0,-0.000467945,0.000467945,,
-0.000467777,0,0.000467777,,,,,,,,,0,-0.000467777,0.000467777,,
-0.000467591,0,0.000467591,,,,,,,,,0,-0.000467591,0.000467591,,
-0.000467412,0,0.000467412,,,,,,,,,0,-0.000467412,0.000467412,,
-0.000467252,0,0.000467252,,,,,,,,,0,-0.000467252,0.000467252,,
-0.000467064,0,0.000467064,,,,,,,,,0,-0.000467064,0.000467064,,
-0.000466888,0,0.000466888,,,,,,,,,0,-0.000466888,0.000466888,,
-0.000466734,0,0.000466734,,,,,,,,,0,-0.000466734,0.000466734,,
-0.000466568,0,0.000466568,,,,,,,,,0,-0.000466568,0.000466568,,
-0.000466399,0,0.000466399,,,,,,,,,0,-0.000466399,0.000466399,,
-0.000466219,0,0.000466219,,,,,,,,,0,-0.000466219,0.000466219,,
-0.000466041,0,0.000466041,,,,,,,,,0,-0.000466041,0.000466041,,
-0.00046586,0,0.00046586,,,,,,,,,0,-0.00046586,0.00046586,,
-0.000465691,0,0.000465691,,,,,,,,,0,-0.000465691,0.000465691,,
-0.000465523,0,0.000465523,,,,,,,,,0,-0.000465523,0.000465523,,
-0.000465363,0,0.000465363,,,,,,,,,0,-0.000465363,0.000465363,,
-0.000465181,0,0.000465181,,,,,,,,,0,-0.000465181,0.000465181,,
-0.000464994,0,0.000464994,,,,,,,,,0,-0.000464994,0.000464994,,
-0.000464827,0.002,0.002464827,,,,,,,,,0,-0.000464827,0.000464827,,
0.002662358,0.002,0.000662358,,,,,,,,,0.002,0.002662358,0.000662358,,
0.000719482,0.004,0.003280518,,,,,,,,,0.002,0.000719482,0.001280518,,
0.005096626,0,0.005096626,,,,,,,,,0.004,0.005096626,0.001096626,,
-0.003867501,0,0.003867501,,,,,,,,,0,-0.003867501,0.003867501,,
0.001666573,0,0.001666573,,,,,,,,,0,0.001666573,0.001666573,,
-0.001664386,0,0.001664386,,,,,,,,,0,-0.001664386,0.001664386,,
0.000268095,0.006,0.005731905,,,,,,,,,0,0.000268095,0.000268095,,
0.008789563,0.01,0.001210437,,,,,,,,,0.006,0.008789563,0.002789563,,
0.009342648,0.005,0.004342648,,,,,,,,,0.01,0.009342648,0.000657352,,
0.001389042,0,0.001389042,,,,,,,,,0.005,0.001389042,0.003610958,,
-0.001372472,0,0.001372472,,,,,,,,,0,-0.001372472,0.001372472,,
1.96E-05,0,1.96E-05,,,,,,,,,0,1.96E-05,1.96E-05,,
-0.000583336,0.008,0.008583336,,,,,,,,,0,-0.000583336,0.000583336,,
0.012720248,0.018,0.005279752,,,,,,,,,0.008,0.012720248,0.004720248,,
0.019748652,0.021,0.001251348,,,,,,,,,0.018,0.019748652,0.001748652,,
0.01988394,0.02,0.00011606,,,,,,,,,0.021,0.01988394,0.00111606,,
0.018586915,0.019,0.000413085,,,,,,,,,0.02,0.018586915,0.001413085,,
0.017625395,0.021,0.003374605,,,,,,,,,0.019,0.017625395,0.001374605,,
0.021681614,0.017,0.004681614,,,,,,,,,0.021,0.021681614,0.000681614,,
0.013520101,0.012,0.001520101,,,,,,,,,0.017,0.013520101,0.003479899,,
0.010927443,0.009,0.001927443,,,,,,,,,0.012,0.010927443,0.001072557,,
0.007660628,0.01,0.002339372,,,,,,,,,0.009,0.007660628,0.001339372,,
0.01097833,0.018,0.00702167,,,,,,,,,0.01,0.01097833,0.00097833,,
0.021698411,0.024,0.002301589,,,,,,,,,0.018,0.021698411,0.003698411,,
0.024216582,0.03,0.005783418,,,,,,,,,0.024,0.024216582,0.000216582,,
0.031948058,0.04,0.008051942,,,,,,,,,0.03,0.031948058,0.001948058,,
0.042730063,0.041,0.001730063,,,,,,,,,0.04,0.042730063,0.002730063,,
0.037586177,0.025,0.012586177,,,,,,,,,0.041,0.037586177,0.003413823,,
0.016484379,0.01,0.006484379,,,,,,,,,0.025,0.016484379,0.008515621,,
0.006366774,0.003,0.003366774,,,,,,,,,0.01,0.006366774,0.003633226,,
0.001409341,0.011,0.009590659,,,,,,,,,0.003,0.001409341,0.001590659,,
0.017360269,0.025,0.007639731,,,,,,,,,0.011,0.017360269,0.006360269,,
0.02964168,0.024,0.00564168,,,,,,,,,0.025,0.02964168,0.00464168,,
0.019690142,0.006,0.013690142,,,,,,,,,0.024,0.019690142,0.004309858,,
-0.002712998,0.005,0.007712998,,,,,,,,,0.006,-0.002712998,0.008712998,,
0.009031081,0.025,0.015968919,,,,,,,,,0.005,0.009031081,0.004031081,,
0.032935993,0.032,0.000935993,,,,,,,,,0.025,0.032935993,0.007935993,,
0.03008325,0.025,0.00508325,,,,,,,,,0.032,0.03008325,0.00191675,,
0.021672513,0.018,0.003672513,,,,,,,,,0.025,0.021672513,0.003327487,,
0.014608537,0.017,0.002391463,,,,,,,,,0.018,0.014608537,0.003391463,,
0.016796486,0.02,0.003203514,,,,,,,,,0.017,0.016796486,0.000203514,,
0.021521593,0.012,0.009521593,,,,,,,,,0.02,0.021521593,0.001521593,,
0.006542857,0.002,0.004542857,,,,,,,,,0.012,0.006542857,0.005457143,,
-0.000229812,0.007,0.007229812,,,,,,,,,0.002,-0.000229812,0.002229812,,
0.011177573,0.023,0.011822427,,,,,,,,,0.007,0.011177573,0.004177573,,
0.028784124,0.04,0.011215876,,,,,,,,,0.023,0.028784124,0.005784124,,
0.045093006,0.053,0.007906994,,,,,,,,,0.04,0.045093006,0.005093006,,
0.055251053,0.067,0.011748947,,,,,,,,,0.053,0.055251053,0.002251053,,
0.070312024,0.242,0.171687976,,,,,,,,,0.067,0.070312024,0.003312024,,
0.334951052,0.424,0.089048948,,,,,,,,,0.242,0.334951052,0.092951052,,
0.456126304,0.177,0.279126304,,,,,,,,,0.424,0.456126304,0.032126304,,
-0.000838597,0.061,0.061838597,,,,,,,,,0.177,-0.000838597,0.177838597,,
0.10675868,0.079,0.02775868,,,,,,,,,0.061,0.10675868,0.04575868,,
0.057761291,0.31,0.252238709,,,,,,,,,0.079,0.057761291,0.021238709,,
0.454294538,0.61,0.155705462,,,,,,,,,0.31,0.454294538,0.144294538,,
0.699706506,0.82,0.120293494,,,,,,,,,0.61,0.699706506,0.089706506,,
0.858884049,0.993,0.134115951,,,,,,,,,0.82,0.858884049,0.038884049,,
1.031535218,1.18,0.148464782,,,,,,,,,0.993,1.031535218,0.038535218,,
1.217400639,1.311,0.093599361,,,,,,,,,1.18,1.217400639,0.037400639,,
1.320403146,1.292,0.028403146,,,,,,,,,1.311,1.320403146,0.009403146,,
1.246087836,1.277,0.030912164,,,,,,,,,1.292,1.246087836,0.045912164,,
1.278924251,1.27,0.008924251,,,,,,,,,1.277,1.278924251,0.001924251,,
1.252086684,1.076,0.176086684,,,,,,,,,1.27,1.252086684,0.017913316,,
0.973533779,1.079,0.105466221,,,,,,,,,1.076,0.973533779,0.102466221,,
1.160116353,1.24,0.079883647,,,,,,,,,1.079,1.160116353,0.081116353,,
1.288000366,1.464,0.175999634,,,,,,,,,1.24,1.288000366,0.048000366,,
1.557203088,1.672,0.114796912,,,,,,,,,1.464,1.557203088,0.093203088,,
1.725895187,1.762,0.036104813,,,,,,,,,1.672,1.725895187,0.053895187,,
1.749566743,1.785,0.035433257,,,,,,,,,1.762,1.749566743,0.012433257,,
1.774084711,1.648,0.126084711,,,,,,,,,1.785,1.774084711,0.010915289,,
1.553380166,1.719,0.165619834,,,,,,,,,1.648,1.553380166,0.094619834,,
1.811569839,1.812,0.000430161,,,,,,,,,1.719,1.811569839,0.092569839,,
1.804806736,1.746,0.058806736,,,,,,,,,1.812,1.804806736,0.007193264,,
1.70986837,1.604,0.10586837,,,,,,,,,1.746,1.70986837,0.03613163,,
1.55485599,1.567,0.01214401,,,,,,,,,1.604,1.55485599,0.04914401,,
1.576561483,1.664,0.087438517,,,,,,,,,1.567,1.576561483,0.009561483,,
1.716979339,1.848,0.131020661,,,,,,,,,1.664,1.716979339,0.052979339,,
1.925673436,1.971,0.045326564,,,,,,,,,1.848,1.925673436,0.077673436,,
1.987896397,2.14,0.152103603,,,,,,,,,1.971,1.987896397,0.016896397,,
2.2076135,2.126,0.0816135,,,,,,,,,2.14,2.2076135,0.0676135,,
2.048288478,2.074,0.025711522,,,,,,,,,2.126,2.048288478,0.077711522,,
2.07251416,2.538,0.46548584,,,,,,,,,2.074,2.07251416,0.00148584,,
2.793568865,3.06,0.266431135,,,,,,,,,2.538,2.793568865,0.255568865,,
3.161523687,3.155,0.006523687,,,,,,,,,3.06,3.161523687,0.101523687,,
3.104581687,3.145,0.040418313,,,,,,,,,3.155,3.104581687,0.050418313,,
3.135020261,2.931,0.204020261,,,,,,,,,3.145,3.135020261,0.009979739,,
2.76319573,2.705,0.05819573,,,,,,,,,2.931,2.76319573,0.16780427,,
2.664086752,2.943,0.278913248,,,,,,,,,2.705,2.664086752,0.040913248,,
3.128108576,3.276,0.147891424,,,,,,,,,2.943,3.128108576,0.185108576,,
3.353308305,3.482,0.128691695,,,,,,,,,3.276,3.353308305,0.077308305,,
3.545012386,3.615,0.069987614,,,,,,,,,3.482,3.545012386,0.063012386,,
3.631461643,3.842,0.210538357,,,,,,,,,3.615,3.631461643,0.016461643,,
3.912913615,4.172,0.259086385,,,,,,,,,3.842,3.912913615,0.070913615,,
4.271154978,4.437,0.165845022,,,,,,,,,4.172,4.271154978,0.099154978,,
4.486028152,4.438,0.048028152,,,,,,,,,4.437,4.486028152,0.049028152,,
4.369041879,4.211,0.158041879,,,,,,,,,4.438,4.369041879,0.068958121,,
4.093018655,4.001,0.092018655,,,,,,,,,4.211,4.093018655,0.117981345,,
3.942602804,4.003,0.060397196,,,,,,,,,4.001,3.942602804,0.058397196,,
4.049724797,4.057,0.007275203,,,,,,,,,4.003,4.049724797,0.046724797,,
4.079690866,4.086,0.006309134,,,,,,,,,4.057,4.079690866,0.022690866,,
4.109125339,3.974,0.135125339,,,,,,,,,4.086,4.109125339,0.023125339,,
3.904237538,3.986,0.081762462,,,,,,,,,3.974,3.904237538,0.069762462,,
4.036480971,3.713,0.323480971,,,,,,,,,3.986,4.036480971,0.050480971,,
3.527409441,3.303,0.224409441,,,,,,,,,3.713,3.527409441,0.185590559,,
3.20609301,3.14,0.06609301,,,,,,,,,3.303,3.20609301,0.09690699,,
3.151164787,3.147,0.004164787,,,,,,,,,3.14,3.151164787,0.011164787,,
3.175012651,2.82,0.355012651,,,,,,,,,3.147,3.175012651,0.028012651,,
2.6573997,2.599,0.0583997,,,,,,,,,2.82,2.6573997,0.1626003,,
2.6237192,2.626,0.0022808,,,,,,,,,2.599,2.6237192,0.0247192,,
2.654376078,2.727,0.072623922,,,,,,,,,2.626,2.654376078,0.028376078,,
2.780082342,2.86,0.079917658,,,,,,,,,2.727,2.780082342,0.053082342,,
2.926244427,2.777,0.149244427,,,,,,,,,2.86,2.926244427,0.066244427,,
2.686440038,2.631,0.055440038,,,,,,,,,2.777,2.686440038,0.090559962,,
2.595721474,2.442,0.153721474,,,,,,,,,2.631,2.595721474,0.035278526,,
2.358357503,2.49,0.131642497,,,,,,,,,2.442,2.358357503,0.083642497,,
2.580982716,2.407,0.173982716,,,,,,,,,2.49,2.580982716,0.090982716,,
2.321512172,1.973,0.348512172,,,,,,,,,2.407,2.321512172,0.085487828,,
1.799552715,1.621,0.178552715,,,,,,,,,1.973,1.799552715,0.173447285,,
1.567672307,1.419,0.148672307,,,,,,,,,1.621,1.567672307,0.053327693,,
1.370064566,1.361,0.009064566,,,,,,,,,1.419,1.370064566,0.048935434,,
1.404111382,1.231,0.173111382,,,,,,,,,1.361,1.404111382,0.043111382,,
1.182117215,1.131,0.051117215,,,,,,,,,1.231,1.182117215,0.048882785,,
1.137278725,1.158,0.020721275,,,,,,,,,1.131,1.137278725,0.006278725,,
1.188859543,1.386,0.197140457,,,,,,,,,1.158,1.188859543,0.030859543,,
1.501584185,1.723,0.221415815,,,,,,,,,1.386,1.501584185,0.115584185,,
1.838271949,1.926,0.087728051,,,,,,,,,1.723,1.838271949,0.115271949,,
1.944632045,2.03,0.085367955,,,,,,,,,1.926,1.944632045,0.018632045,,
2.041788489,1.892,0.149788489,,,,,,,,,2.03,2.041788489,0.011788489,,
1.766938192,1.54,0.226938192,,,,,,,,,1.892,1.766938192,0.125061808,,
1.397391131,1.335,0.062391131,,,,,,,,,1.54,1.397391131,0.142608869,,
1.322346889,1.295,0.027346889,,,,,,,,,1.335,1.322346889,0.012653111,,
1.306121216,1.21,0.096121216,,,,,,,,,1.295,1.306121216,0.011121216,,
1.188105892,1.153,0.035105892,,,,,,,,,1.21,1.188105892,0.021894108,,
1.169606419,1.19,0.020393581,,,,,,,,,1.153,1.169606419,0.016606419,,
1.215641115,1.171,0.044641115,,,,,,,,,1.19,1.215641115,0.025641115,,
1.14557135,1.073,0.07257135,,,,,,,,,1.171,1.14557135,0.02542865,,
1.040129641,0.848,0.192129641,,,,,,,,,1.073,1.040129641,0.032870359,,
0.748769491,0.816,0.067230509,,,,,,,,,0.848,0.748769491,0.099230509,,
0.872742371,0.731,0.141742371,,,,,,,,,0.816,0.872742371,0.056742371,,
0.662812698,0.614,0.048812698,,,,,,,,,0.731,0.662812698,0.068187302,,
0.609896599,0.433,0.176896599,,,,,,,,,0.614,0.609896599,0.004103401,,
0.358002427,0.296,0.062002427,,,,,,,,,0.433,0.358002427,0.074997573,,
0.280058933,0.214,0.066058933,,,,,,,,,0.296,0.280058933,0.015941067,,
0.20082633,0.099,0.10182633,,,,,,,,,0.214,0.20082633,0.01317367,,
0.063905583,0.072,0.008094417,,,,,,,,,0.099,0.063905583,0.035094417,,
0.102534736,0.051,0.051534736,,,,,,,,,0.072,0.102534736,0.030534736,,
0.034055401,0.017,0.017055401,,,,,,,,,0.051,0.034055401,0.016944599,,
0.016642545,0.002,0.014642545,,,,,,,,,0.017,0.016642545,0.000357455,,
0.003215166,0.014,0.010784834,,,,,,,,,0.002,0.003215166,0.001215166,,
0.021712571,0.03,0.008287429,,,,,,,,,0.014,0.021712571,0.007712571,,
0.03543157,0.032,0.00343157,,,,,,,,,0.03,0.03543157,0.00543157,,
0.030169336,0.026,0.004169336,,,,,,,,,0.032,0.030169336,0.001830664,,
0.022350653,0.027,0.004649347,,,,,,,,,0.026,0.022350653,0.003649347,,
0.027735068,0.038,0.010264932,,,,,,,,,0.027,0.027735068,0.000735068,,
0.042249314,0.041,0.001249314,,,,,,,,,0.038,0.042249314,0.004249314,,
0.039054509,0.041,0.001945491,,,,,,,,,0.041,0.039054509,0.001945491,,
0.041372871,0.04,0.001372871,,,,,,,,,0.041,0.041372871,0.000372871,,
0.037855953,0.031,0.006855953,,,,,,,,,0.04,0.037855953,0.002144047,,
0.025757227,0.022,0.003757227,,,,,,,,,0.031,0.025757227,0.005242773,,
0.020047226,0.007,0.013047226,,,,,,,,,0.022,0.020047226,0.001952774,,
-6.90E-06,0.002,0.002006898,,,,,,,,,0.007,-6.90E-06,0.007006898,,
0.00438554,0,0.00438554,,,,,,,,,0.002,0.00438554,0.00238554,,
-0.001567623,0,0.001567623,,,,,,,,,0,-0.001567623,0.001567623,,
0.001506309,0.013,0.011493691,,,,,,,,,0,0.001506309,0.001506309,,
0.019813863,0.001,0.018813863,,,,,,,,,0.013,0.019813863,0.006813863,,
-0.011343044,0,0.011343044,,,,,,,,,0.001,-0.011343044,0.012343044,,
0.006656042,0.025,0.018343958,,,,,,,,,0,0.006656042,0.006656042,,
0.034306342,0.05,0.015693658,,,,,,,,,0.025,0.034306342,0.009306342,,
,,,,,,,,,,,0.05,,0.05,,
